Number_K,Number_H,Country_ID,Envnt,Env_ID,plot_name.y,accession_name.y,plot_number.y,plot_id,block_number,is_a_control,rep_number,row_number,col_number,Number_G,location_name.y,which_cycle.y,Block_ID.y,Plot_ID.y,New_Genotype,Genotype_ID.y,New_Geno,Geno_ID,Number_of_functional_leaves_count_at_harvesting_COMP_0000296_mean,harvest_sucker_functional_leaves.CO_325.0000676_mean,Tallest_sucker_height_in_cm_at_harvesting_COMP.0000306_mean,Rank_of_oldest_standing_leaf_count_at_harvesting_COMP.0000310_mean,harvest_leafspot_number_standing_leaves.CO_325.0000759_mean,Black_Sigatoka_disease_infection_index_at_harvesting_COMP.0000281_mean,Youngest_leaf_spotted_rank_at_harvesting_COMP.0000307_mean,Index_of_non_spotted_leaves_calculation_at_harvesting_COMP.0000294_mean,harvest_youngest_leaf_with_BLS_symptoms_mean,harvest_fusarium_rating_external.CO_325.0000750_mean,Bunch_weight_in_kg_at_harvesting_COMP.0000282_mean,Number_of_hands_in_bunch_count_at_harvesting_COMP.0000297_mean,Multiple_hand_weight_in_kg_at_harvesting_COMP.0000308_mean,Average_hand_weight_in_kg_at_harvesting_COMP.0000279_mean,harvest_rachis_weight.CO_325.0000670_mean,harvest_number_fingers_bunch.CO_325.0000717_mean,Average_number_of_fingers_in_hand_calculation_at_harvesting_COMP.0000309_mean,Days_planting_to_shooting_mean,Days_planting_to_harvest_mean,Days_shooting_harvest_mean,harvest_average_finger_weight.CO_325.0000335_mean,Average_finger_external_length_in_cm_CO_325.0000338_mean,harvest_average_finger_circumf.CO_325.0000345_mean,harvest_average_finger_diameter.CO_325.0000349_mean,Average_fruit_pulp_lateral_diameter_in_cm_CO_325.0000353_mean,Average_finger_peel_thickness_in_mm_CO_325.0000356_mean,Previous_Cycle_Days_planting_to_harvest_mean,Cycle_Length,Days_Year,Annual_Crop_Cycle_Proportion,Plants_per_Ha,Bunch_Yield_t_per_Ha_per_Yr,MHW_Yield_tons_per_Ha_per_Yr,REMOVE_FROM_ANALYSIS_BWT_0
2106,7,Tanzania,Ma_fp,1,2016_Maruku_15,NARITA 2,15,127873,1,NA,1,2,7,1,Maruku,firstplant,1,15,NARITA_02    ,2,NARITA_02    ,2,0,6.5,265,6.5,6.5,0,0,0,0,1,9.2,7.5,9.15,1.234821429,0.05,109.5,14,.,642,.,42.5,13.75,9.541666667,3.058333334,2.383333334,4.25,0,642,365,0.568535826,1111,5.81111838,5.779536215,No
2107,8,Tanzania,Ma_fp,1,2016_Maruku_16,Cachaco,16,127843,1,1,1,2,8,2,Maruku,firstplant,1,16,Cachaco      ,32,Cachaco      ,32,0,6,205,6,6,5.555555556,6,83.33333333,6,1,5.1,3,4.6,1.533333333,0.5,32,10,.,798,.,0.15,16.91666667,13.41666667,3.833333333,3.4,4.333333333,0,798,365,0.457393484,1111,2.591637218,2.337555138,No
2108,9,Tanzania,Ma_fp,1,2016_Maruku_16,NARITA 23,16,NA,1,NA,NA,NA,NA,3,Maruku,firstplant,1,16,NARITA_23    ,23,NARITA_23    ,23,1.5,10.5,310,10.5,10.5,8.636363639,10,0,0,1,21.45,10.5,20.25,1.940909091,1.2,160.5,14.5,.,624.5,.,150,15.65833334,12.54166667,3.983333334,3.55,4.25,0,624.5,365,0.584467574,1111,13.92841753,13.14920536,No
2112,14,Tanzania,Ma_fp,1,2016_Maruku_20,NARITA 21,20,127852,1,NA,1,3,4,4,Maruku,firstplant,1,20,NARITA_21    ,21,NARITA_21    ,21,0,8,195,8,8,4.166666667,8,87.5,8,1,6.9,6,6.6,1.1,0.3,87,14,.,754,.,0.075,12.91666667,9.5,2.866666667,2.466666667,4,0,754,365,0.484084881,1111,3.710946286,3.549600796,No
2115,17,Tanzania,Ma_fp,1,2016_Maruku_23,NARITA 11,23,127910,1,NA,1,3,7,5,Maruku,firstplant,1,23,NARITA_11    ,11,NARITA_11    ,11,0.5,7,325,7,7,5.208333335,3.5,-8.333333335,0,1,18.15,8,18.5,2.3125,-0.35,138,16.5,.,653,.,37.5375,17.58333334,10.41666667,3.325,2.908333333,4.166666667,0,653,365,0.558958652,1111,11.27120559,11.48855666,No
2116,18,Tanzania,Ma_fp,1,2016_Maruku_24,NARITA 20,24,127904,1,NA,1,3,8,6,Maruku,firstplant,1,24,NARITA_20    ,20,NARITA_20    ,20,0,8.333333333,300,8.333333333,8.333333333,1.851851852,3,21.16402116,3,1,9.4,8,8.666666667,1.083333333,0.733333333,120,14.66666667,.,658,.,0.036666667,12.66666667,9.694444444,2.827777778,2.411111111,4.166666667,0,658,365,0.554711246,1111,5.793071429,5.341129686,No
2118,20,Tanzania,Ma_fp,1,2016_Maruku_26,Williams,26,127840,2,1,1,1,10,7,Maruku,firstplant,2,26,Williams     ,34,Williams     ,34,0,6.5,165,6.5,6.5,10.625,6,40,2.5,1,10.75,6.5,10.5,1.636904762,0.25,99.5,15,.,735.5,.,37.575,16.91666667,11.25,3.283333334,2.816666667,4.666666667,0,735.5,365,0.496261047,1111,5.926969748,5.789133243,No
2121,23,Tanzania,Ma_fp,1,2016_Maruku_29,NARITA 26,29,127866,2,NA,1,1,13,8,Maruku,firstplant,2,29,NARITA_26    ,26,NARITA_26    ,26,0,3,240,4,4,0,0,-25,0,1,7,6,6.2,1.033333333,0.8,92,15,.,703,.,0.0375,13,7.833333333,2.2,1.8,4.166666667,0,703,365,0.519203414,1111,4.03784495,3.576376956,No
2125,28,Tanzania,Ma_fp,1,2016_Maruku_32,NARITA 15,32,NA,2,NA,NA,NA,NA,9,Maruku,firstplant,2,32,NARITA_15    ,15,NARITA_15    ,15,2,8.5,132.5,8.5,8.5,7.5,4,27.85714286,4,1,10.25,7,9.95,1.421428572,0.3,105,14.5,.,629,.,0.05625,13,10.20833333,2.716666667,2.283333334,4.333333333,0,629,365,0.580286169,1111,6.608153816,6.414744436,No
2127,30,Tanzania,Ma_fp,1,2016_Maruku_34,NARITA 11,34,127924,2,NA,1,2,10,10,Maruku,firstplant,2,34,NARITA_11    ,11,NARITA_11    ,11,0,5,230,5,5,0,0,-20,0,1,7.6,6,6.8,1.133333333,0.8,67,11,.,835,.,0.15,18,11.25,3.2,2.766666667,4.166666667,0,835,365,0.437125749,1111,3.69091497,3.302397605,No
2134,38,Tanzania,Ma_fp,1,2016_Maruku_40,NARITA 6,40,NA,2,NA,NA,NA,NA,11,Maruku,firstplant,2,40,NARITA_06    ,6,NARITA_06    ,6,0,7,180,7,7,9.523809524,7,85.71428571,7,1,6,6,5.6,0.933333333,0.4,87,14,.,835,.,0.035,11.66666667,10.66666667,2.95,2.516666667,4.333333333,0,835,365,0.437125749,1111,2.91388024,2.719621557,No
2135,39,Tanzania,Ma_fp,1,2016_Maruku_41,Gros michel,41,127871,2,1,1,3,9,12,Maruku,firstplant,2,41,Gros_Michel  ,33,Gros_Michel  ,33,4.5,10,340,10,10,15.57239,8.5,0,0,1,25.1,8,24.35,3.04375,0.75,127,15.5,.,642,.,150,20.20833334,12.625,3.783333333,3.35,4.333333333,0,642,365,0.568535826,1111,15.85424688,15.38051441,No
2136,40,Tanzania,Ma_fp,1,2016_Maruku_42,NARITA 13,42,127908,2,NA,1,3,10,13,Maruku,firstplant,2,42,NARITA_13    ,13,NARITA_13    ,13,0,6.666666667,178.3333333,5.666666667,5.666666667,13.14484167,5,61.54761833,5,1,17.76666667,8.666666667,16.96666667,1.95351431,0.8,137.5,15.5,.,554.3333333,.,0.1125,17.51666667,11.09722222,3.25,2.811111111,4.472222222,0,554.3333333,365,0.658448587,1111,12.99696302,12.41173392,No
2137,41,Tanzania,Ma_fp,1,2016_Maruku_43,NARITA 7,43,127926,2,NA,1,3,11,14,Maruku,firstplant,2,43,NARITA_07    ,7,NARITA_07    ,7,0,7,390,7,7,7.142857,7,0,0,1,21,8,20.4,2.55,0.6,132,16,.,651,.,150,16.5,12.33333333,3.683333333,3.25,4.333333333,0,651,365,0.560675883,1111,13.08112903,12.70738249,No
2138,42,Tanzania,Ma_fp,1,2016_Maruku_44,NARITA 8,44,127844,2,NA,1,3,12,15,Maruku,firstplant,2,44,NARITA_08    ,8,NARITA_08    ,8,0,6.666666667,256.6666667,6.666666667,6.666666667,8.333333333,1.333333333,6.944443333,1.333333333,1,15.03333333,8.666666667,14.46666667,1.684722222,0.566666667,140,16,.,630.3333333,.,0.063333333,16.16666667,11.13888889,3.061111111,2.605555556,4.388888889,0,630.3333333,365,0.579058699,1111,9.671457693,9.306901642,No
2140,44,Tanzania,Ma_fp,1,2016_Maruku_46,NARITA 21,46,127909,2,NA,1,3,14,16,Maruku,firstplant,2,46,NARITA_21    ,21,NARITA_21    ,21,0,11,185,11,11,9.090909,9,72.72727,9,1,10.2,7,6.9,0.985714286,3.3,96,13,.,725,.,0.075,15.33333333,12.41666667,3.2,2.766666667,4.333333333,0,725,365,0.503448276,1111,5.705176552,3.859384138,No
2148,53,Tanzania,Ma_fp,1,2016_Maruku_54,NARITA 14,54,127885,3,NA,1,4,6,17,Maruku,firstplant,3,54,NARITA_14    ,14,NARITA_14    ,14,0,5,180,5,5,13.33333,5,80,5,1,6.1,6,6,1,0.1,79,13,.,659,.,0.035,14.83333333,9.583333333,2.8,2.366666667,4.333333333,0,659,365,0.553869499,1111,3.753628983,3.692094082,No
2149,54,Tanzania,Ma_fp,1,2016_Maruku_55,NARITA 4,55,127845,3,NA,1,4,7,18,Maruku,firstplant,3,55,NARITA_04    ,4,NARITA_04    ,4,1,9,230,9,9,12.96296,8,0,0,1,24.7,7,23.9,3.414285714,0.8,124,17,403,608,205,200,19,12.5,3.933333333,3.483333333,4.333333333,0,608,365,0.600328947,1111,16.47404688,15.94047451,No
2150,55,Tanzania,Ma_fp,1,2016_Maruku_56,Enyoya,56,127877,3,1,1,4,8,19,Maruku,firstplant,3,56,Enyoya       ,30,Enyoya       ,30,0,4,165,4,4,16.66667,4,75,4,1,12.9,5,12.5,2.5,0.4,76,15,.,659,.,0.075,13.83333333,10.33333333,3.216666667,2.816666667,4,0,659,365,0.553869499,1111,7.938002276,7.691862671,No
2151,56,Tanzania,Ma_fp,1,2016_Maruku_57,NARITA 26,57,127850,3,NA,1,5,1,20,Maruku,firstplant,3,57,NARITA_26    ,26,NARITA_26    ,26,0,7,295,7,7,4.761905,3.5,35.71429,3.5,1,17,8.5,15.4,1.815972222,1.6,127.5,14.5,396,573.5,161,0.0875,16.88333333,11.35,3.233333333,2.783333334,4.416666667,0,573.5,365,0.636442895,1111,12.02049695,10.88915606,No
2152,57,Tanzania,Ma_fp,1,2016_Maruku_58,NARITA 18,58,127870,3,NA,1,5,2,21,Maruku,firstplant,3,58,NARITA_18    ,18,NARITA_18    ,18,3,1,52.5,0,0,0,0,0,0,1,19,8.5,18.1,2.141666667,0.9,153.5,17.5,.,612.5,.,75.0375,16.68333333,11.70833334,3.425,2.966666667,4.416666667,0,612.5,365,0.595918367,1111,12.57924082,11.98338204,No
2153,58,Tanzania,Ma_fp,1,2016_Maruku_59,NARITA 15,59,127902,3,NA,1,5,3,22,Maruku,firstplant,3,59,NARITA_15    ,15,NARITA_15    ,15,0,8,178.3333333,8,8,13.85581833,7,28.57143,2.333333333,1,4.1,6,4.266666667,0.711111111,-0.166666667,80.33333333,13,.,618.6666667,.,3.85,10.69444444,6.977777778,2.438888889,1.988888889,4.555555556,0,618.6666667,365,0.589978448,1111,2.68741083,2.796655172,No
2154,60,Tanzania,Ma_fp,1,2016_Maruku_60,NARITA 20,60,127876,3,NA,1,5,4,23,Maruku,firstplant,3,60,NARITA_20    ,20,NARITA_20    ,20,0,5,210,5,5,0,0,-20,0,1,9.2,7,8.8,1.257142857,0.4,98,14,.,590,.,0.075,15.58333333,10.91666667,3.366666667,2.9,4.333333333,0,590,365,0.618644068,1111,6.323284746,6.048359322,No
2155,61,Tanzania,Ma_fp,1,2016_Maruku_61,NARITA 19,61,127851,3,NA,1,5,5,24,Maruku,firstplant,3,61,NARITA_19    ,19,NARITA_19    ,19,0,8,161.6666667,8,8,14.53924,6.666666667,70.56878333,6.666666667,1,6.7,6.666666667,6.5,0.973809524,0.2,93,13.66666667,.,581.6666667,.,0.058333333,12.38888889,10.46111111,3.15,2.727777778,4.055555556,0,581.6666667,365,0.627507163,1111,4.670975071,4.53154298,No
2158,64,Tanzania,Ma_fp,1,2016_Maruku_64,NARITA 12,64,127869,3,NA,1,5,8,25,Maruku,firstplant,3,64,NARITA_12    ,12,NARITA_12    ,12,0,8,235,8,8,11.4583315,7.5,81.25,7.5,1,11,7.5,10.8,1.424107143,0.2,126,16.5,.,575.5,.,0.0625,17.24166667,10.25,2.908333334,2.475,4.416666667,0,575.5,365,0.634231103,1111,7.750938315,7.610012163,No
2160,66,Tanzania,Ma_fp,1,2016_Maruku_66,Cachaco,66,127879,3,1,1,6,2,26,Maruku,firstplant,3,66,Cachaco      ,32,Cachaco      ,32,0,7,180,7,7,9.52381,7,85.71429,7,1,7,4,7.9,1.975,-0.9,45,11,.,596,.,0.25,16.33333333,14.25,4.233333333,3.766666667,4.5,0,596,365,0.612416107,1111,4.762760067,5.375114933,No
2161,67,Tanzania,Ma_fp,1,2016_Maruku_66,NARITA 9,66,NA,3,NA,NA,NA,NA,27,Maruku,firstplant,3,66,NARITA_09    ,9,NARITA_09    ,9,0,6,310,6,6,0,0,-16.66667,0,1,14,7,13.6,1.942857143,0.4,113,16,.,596,.,0.075,15.91666667,11.58333333,3.3,2.8,5,0,596,365,0.612416107,1111,9.525520134,9.253362416,No
2162,68,Tanzania,Ma_fp,1,2016_Maruku_67,NARITA 7,67,127886,3,NA,1,6,3,28,Maruku,firstplant,3,67,NARITA_07    ,7,NARITA_07    ,7,3.5,9,275,9,9,5.833335,4.5,-6.25,0,1,18.2,8,17.25,2.115079365,0.95,123.5,15,.,604.5,.,75.075,17.08333333,12.45833334,3.791666667,3.391666667,4,0,604.5,365,0.603804797,1111,12.20905376,11.57176799,No
2164,70,Tanzania,Ma_fp,1,2016_Maruku_69,NARITA 27,69,127901,3,NA,1,6,5,29,Maruku,firstplant,3,69,NARITA_27    ,27,NARITA_27    ,27,0.25,4.25,111.25,4.25,4.25,5.7539675,2.5,20.59524,2.5,1,15.825,7.25,14.225,1.945089286,1.6,136.75,18.5,402,564.5,172,0.075,17.69166667,10.97916667,3.166666667,2.708333334,4.25,0,564.5,365,0.646589903,1111,11.36806887,10.21869066,No
2167,74,Tanzania,Ma_fp,1,2016_Maruku_72,NARITA 13,72,127842,3,NA,1,6,8,30,Maruku,firstplant,3,72,NARITA_13    ,13,NARITA_13    ,13,0,5,172.5,5,5,9.576719,3.5,42.30158833,3.5,1,13.05,8.5,13.7,1.59119709,-0.65,133.5,15.16666667,381.8333333,549.6666667,167.8333333,0.079166667,17.18611111,11.19444444,3.411111111,2.933333333,4.472222222,0,549.6666667,365,0.664038811,1111,9.627599908,10.10713554,No
2168,75,Tanzania,Ma_fp,1,2016_Maruku_73,NARITA 8,73,127878,4,NA,1,4,9,31,Maruku,firstplant,4,73,NARITA_08    ,8,NARITA_08    ,8,1,7.5,342.5,7.5,7.5,7.440477,5.5,59.97024,5.5,1,19.1,8.75,18.15,2.032986111,0.95,147.25,16.25,.,646.5,.,37.72875,16.3125,9.979166669,3.116666667,2.670833334,4.375,0,646.5,365,0.5645785,1111,11.98041222,11.38452784,No
2169,76,Tanzania,Ma_fp,1,2016_Maruku_74,NARITA 7,74,127846,4,NA,1,4,10,32,Maruku,firstplant,4,74,NARITA_07    ,7,NARITA_07    ,7,2.5,8,347.5,8,8,5.208335,3.5,31.25,3.5,1,20.65,9.5,20.25,2.149444445,0.4,154.5,16,.,656.5,.,0.15,16.125,12.7,3.95,3.525,4.166666667,0,656.5,365,0.555978675,1111,12.75534615,12.50826923,No
2171,78,Tanzania,Ma_fp,1,2016_Maruku_76,Enyoya,76,127882,4,1,1,4,12,33,Maruku,firstplant,4,76,Enyoya       ,30,Enyoya       ,30,2.8,6.2,316,4.6,4.6,0,0,-3.333334,0,1,17.92,6.8,17.4,2.557142857,0.52,99,14,.,646.6,.,136.6966667,17.62666667,13.43333333,4.143333333,3.726666667,4.166666667,0,646.6,365,0.564491185,1111,11.23852273,10.91240489,No
2172,79,Tanzania,Ma_fp,1,2016_Maruku_77,Gros michel,77,127864,4,1,1,4,13,34,Maruku,firstplant,4,77,Gros_Michel  ,33,Gros_Michel  ,33,0,11,320,11,11,4.545455,11,90.90909,11,1,21.6,7,20.7,2.957142857,0.9,103,14,.,760,.,0.15,20.16666667,12.5,3.366666667,2.95,4.166666667,0,760,365,0.480263158,1111,11.52516316,11.04494803,No
2173,80,Tanzania,Ma_fp,1,2016_Maruku_78,NARITA 15,78,127860,4,NA,1,4,14,35,Maruku,firstplant,4,78,NARITA_15    ,15,NARITA_15    ,15,0.333333333,8.333333333,216.6666667,8.333333333,8.333333333,12.272726,6.166666667,47.954545,4.833333333,1,7.8,6.166666667,7.816666667,1.244206349,-0.016666667,85.5,13.5,.,583.6666667,.,8.383333333,14.04166667,10.86111111,3.269444445,2.802777778,4.361111111,0,583.6666667,365,0.625356939,1111,5.419218161,5.430797687,No
2174,81,Tanzania,Ma_fp,1,2016_Maruku_79,NARITA 21,79,127906,4,NA,1,4,15,36,Maruku,firstplant,4,79,NARITA_21    ,21,NARITA_21    ,21,1.75,10.25,216.25,10.25,10.25,10.7007575,6.75,52.90404,6.75,1,13.725,7.5,12.925,1.677083333,0.8,111,14.25,.,656.5,.,0.065,16.42083333,11.92083333,3.075,2.65,4.291666667,0,656.5,365,0.555978675,1111,8.477826923,7.983673077,No
2176,84,Tanzania,Ma_fp,1,2016_Maruku_80,NARITA 25,80,NA,4,NA,NA,NA,NA,37,Maruku,firstplant,4,80,NARITA_25    ,25,NARITA_25    ,25,1,6,310,6,6,0,0,-16.66667,0,1,10.9,8,9.9,1.2375,1,111,13,.,565,.,0.05,15.91666667,10.83333333,3.266666667,2.783333333,4.166666667,0,565,365,0.646017699,1111,7.823209735,7.105484071,No
2177,85,Tanzania,Ma_fp,1,2016_Maruku_81,Williams,81,127874,4,1,1,5,9,38,Maruku,firstplant,4,81,Williams     ,34,Williams     ,34,2.571428571,7.571428571,176.4285714,7.571428571,7.571428571,13.09523843,6,40.67460429,3.857142857,1,13.01428571,7.142857143,12.18571429,1.718367347,0.828571429,108.2857143,15,.,619.8571429,.,53.62380952,16.38095238,11.49285714,3.378571429,2.933333333,4.30952381,0,619.8571429,365,0.588845356,1111,8.514039291,7.971981911,No
2178,86,Tanzania,Ma_fp,1,2016_Maruku_82,Mbwazirume,82,127894,4,1,1,5,10,39,Maruku,firstplant,4,82,Mbwazirume   ,29,Mbwazirume   ,29,0,7,135,7,7,0,7,85.71429,0,1,17.8,10,16.3,1.63,1.5,152,15,.,559,.,0.2,17.08333333,13.58333333,4.75,4.283333333,4.333333333,0,559,365,0.652951699,1111,12.91264222,11.82449821,No
2179,87,Tanzania,Ma_fp,1,2016_Maruku_83,NARITA 20,83,127897,4,NA,1,5,11,40,Maruku,firstplant,4,83,NARITA_20    ,20,NARITA_20    ,20,0,7.25,246.25,7.25,7.25,1.85185175,2.25,10.9127,2.25,1,10.35,7.25,9.5,1.308482143,0.85,102.25,13.5,392.75,550.75,158,0.05625,15.55416667,11.04166667,3.2875,2.85,4.5,0,550.75,365,0.662732637,1111,7.620663187,6.994811621,No
2180,88,Tanzania,Ma_fp,1,2016_Maruku_84,NARITA 27,84,127848,4,NA,1,5,12,41,Maruku,firstplant,4,84,NARITA_27    ,27,NARITA_27    ,27,0,4.6,153,4.6,4.6,7.2222226,2.6,40,2.6,1,15.04,7.8,13.78,1.752777778,1.26,150.2,18.8,380,559.2,158.75,15.045,17.47333333,10.87,3.17,2.66,4.966666667,0,559.2,365,0.652718169,1111,10.90655508,9.992841023,No
2182,90,Tanzania,Ma_fp,1,2016_Maruku_86,NARITA 26,86,127881,4,NA,1,5,14,42,Maruku,firstplant,4,86,NARITA_26    ,26,NARITA_26    ,26,0,6.6,334,6.6,6.6,0,1.6,4.333332,0,1,18.16,8.4,17.58,2.101666667,0.58,129.6,15,.,507,.,0.1,17.90666667,12.00333333,3.83,3.286666667,4.666666667,0,507,365,0.719921105,1111,14.52495542,14.06105266,No
2183,91,Tanzania,Ma_fp,1,2016_Maruku_87,NARITA 19,87,127862,4,NA,1,5,15,43,Maruku,firstplant,4,87,NARITA_19    ,19,NARITA_19    ,19,0,6.555555556,228.8888889,6.555555556,6.555555556,4.563492111,3,27.07672111,3,1,8.255555556,6.111111111,7.75,1.22912037,0.505555556,86.33333333,13.77777778,332,526,150,0.056666667,13.4537037,11.12037037,3.411111111,2.912962963,4.722222222,0,526,365,0.69391635,1111,6.36454679,5.974793251,No
2184,92,Tanzania,Ma_fp,1,2016_Maruku_88,NARITA 13,88,127892,4,NA,1,5,16,44,Maruku,firstplant,4,88,NARITA_13    ,13,NARITA_13    ,13,1.166666667,6.333333333,232.5,5,5,9.920635,4.666666667,53.17460333,3.166666667,1,23.6,10,22.55,2.226401515,1.05,166.5,16.16666667,315.5,497.8333333,140.5,12.60586111,22.36666667,11.33055556,3.436111111,2.822222222,2.361111111,0,497.8333333,365,0.733177101,1111,19.22361031,18.36832257,No
2185,93,Tanzania,Ma_fp,1,2016_Maruku_89,NARITA 18,89,127854,4,NA,1,6,9,45,Maruku,firstplant,4,89,NARITA_18    ,18,NARITA_18    ,18,0.4,0,29,0,0,0,0,0,0,1,19.5,9.2,18.12,1.979555556,1.38,171.4,18.4,407.25,560.2,149.5,0.26,15.80666666,11.82,3.55,3.076666667,4.7,0,560.2,365,0.651553017,1111,14.11557033,13.11662228,No
2187,96,Tanzania,Ma_fp,1,2016_Maruku_90,NARITA 6,90,NA,4,NA,NA,NA,NA,46,Maruku,firstplant,4,90,NARITA_06    ,6,NARITA_06    ,6,0,8,175,8,8,0,0,-12.5,0,1,10.9,7,9.6,1.371428571,1.3,104,14,395,587,192,0.075,14.58333333,10.91666667,3.283333333,2.85,4,0,587,365,0.621805792,1111,7.530005963,6.631931857,No
2188,97,Tanzania,Ma_fp,1,2016_Maruku_91,NARITA 12,91,127859,4,NA,1,6,11,47,Maruku,firstplant,4,91,NARITA_12    ,12,NARITA_12    ,12,0.6,8.6,264,6.6,6.6,0,0,-9.722222,0,1,18.48,8.2,17.78,2.164722222,0.7,144,17,399.25,566,148.75,15.105,19.89666667,11.75333333,3.656666667,3.17,4.833333333,0,566,365,0.644876325,1111,13.2401364,12.73861608,No
2189,98,Tanzania,Ma_fp,1,2016_Maruku_92,NARITA 10,92,127853,4,NA,1,6,12,48,Maruku,firstplant,4,92,NARITA_10    ,10,NARITA_10    ,10,0.2,5.8,239,5.8,5.8,9.7222232,4.8,59.333332,4.8,1,15.26,7.8,17.06,2.221071429,-1.8,149.6,19,383,560.8,177.8,0.07,16.51333333,11.09666666,3.32,2.863333333,4.433333333,0,560.8,365,0.65085592,1111,11.03452015,12.33610182,No
2190,99,Tanzania,Ma_fp,1,2016_Maruku_93,NARITA 22,93,127863,4,NA,1,6,13,49,Maruku,firstplant,4,93,NARITA_22    ,22,NARITA_22    ,22,3,9,290,9,9,0,0,-11.20370333,0,1,17.63333333,8,16.7,2.079761905,0.933333333,122.6666667,15,.,552.3333333,.,0.133333333,19.38888889,12.39444444,3.622222222,3.138888889,3.611111111,0,552.3333333,365,0.66083283,1111,12.94613367,12.26089409,No
2191,100,Tanzania,Ma_fp,1,2016_Maruku_94,NARITA 23,94,NA,4,NA,NA,NA,NA,51,Maruku,firstplant,4,94,NARITA_23    ,23,NARITA_23    ,23,2,9.5,310,9.5,9.5,4.1666665,4.5,34.444445,4.5,1,23.7,11.5,22.7,1.98030303,1,176.5,15,.,476,.,0.095833334,16.5,13.34166667,4.01125,3.483333334,2,0,476,365,0.766806723,1111,20.19055777,19.3386355,No
2192,101,Tanzania,Ma_fp,1,2016_Maruku_94,NARITA 4,94,127917,4,NA,1,6,14,50,Maruku,firstplant,4,94,NARITA_04    ,4,NARITA_04    ,4,0.75,8.25,285,8.25,8.25,1.85185175,2.25,12.7480175,2.25,1,25.575,8.5,23.95,2.818402778,1.625,162.75,18.5,.,548.25,.,0.1375,19.60833334,12.12083334,3.85,3.3625,4.5,0,548.25,365,0.665754674,1111,18.9166368,17.71469995,No
2193,102,Tanzania,Ma_fp,1,2016_Maruku_95,NARITA 2,95,127849,4,NA,1,6,15,52,Maruku,firstplant,4,95,NARITA_02    ,2,NARITA_02    ,2,1.25,6.5,336.25,6.5,6.5,1.388889,1.5,9.136905,1.5,1,18.8,8,17.9,2.249652778,0.9,124,15,.,525.25,.,0.1125,17.52916667,12.1875,3.879166667,3.391666667,4.625,0,525.25,365,0.694907187,1111,14.51438743,13.81954974,No
2194,103,Tanzania,Ma_fp,1,2016_Maruku_96,Cachaco,96,127912,4,1,1,6,16,53,Maruku,firstplant,4,96,Cachaco      ,32,Cachaco      ,32,0.666666667,8.333333333,286.6666667,8.333333333,8.333333333,2.083333333,2.666666667,21.29629667,2.666666667,1,14.63333333,6.333333333,13.66666667,2.116190476,0.966666667,66.33333333,9.666666667,.,559,.,0.233333333,17.58333333,16.41666667,4.977777778,4.427777778,5.222222222,0,559,365,0.652951699,1111,10.61544931,9.914200957,No
2197,12,Tanzania,Ma_rt1,2,2016_Maruku_2,Enyoya,2,127889,1,1,1,1,2,1,Maruku,ratoon1,1,2,Enyoya       ,30,Enyoya       ,30,0.666666667,6,250,6,6,0,0,-16.98412699,0,1,22.93333333,9.666666667,22.23333333,2.301111111,0.7,161.6666667,16,.,754,.,0.15,19.58333333,12.52777778,3.344444444,2.927777778,4.166666667,.,.,365,.,1111,.,.,No
2203,70,Tanzania,Ma_rt1,2,2016_Maruku_7,NARITA 6,7,NA,1,NA,NA,NA,NA,2,Maruku,ratoon1,1,7,NARITA_06    ,6,NARITA_06    ,6,0,8,180,8,8,16.66666667,7,75,7,1,11.2,6,11,1.833333333,0.2,90,15,.,968,.,0.05,15,10.41666667,2.833333333,2.45,4.333333333,.,.,365,.,1111,.,.,No
2206,2,Tanzania,Ma_rt1,2,2016_Maruku_10,NARITA 15,10,127855,1,NA,1,2,2,3,Maruku,ratoon1,1,10,NARITA_15    ,15,NARITA_15    ,15,0,4.333333333,161.6666667,4,4,0,0,-26.11111111,0,1,8.6,6.333333333,9,1.341666667,-0.4,93,14,.,970,.,0.0625,14.97222222,11.33333333,2.888888889,2.45,4.388888889,.,.,365,.,1111,.,.,No
2211,7,Tanzania,Ma_rt1,2,2016_Maruku_15,NARITA 2,15,127873,1,NA,1,2,7,4,Maruku,ratoon1,1,15,NARITA_02    ,2,NARITA_02    ,2,0,6,231.6666667,6,6,0,0,-16.66666667,0,1,12.06666667,7.666666667,10.86666667,1.442857143,1.2,114,14.66666667,.,847,.,0.036666667,10.91666667,7.63888889,1.955555556,1.672222222,2.833333333,642,205,365,1.780487805,1111,23.86933822,21.49559188,No
2216,11,Tanzania,Ma_rt1,2,2016_Maruku_19,NARITA 13,19,127883,1,NA,1,3,3,5,Maruku,ratoon1,1,19,NARITA_13    ,13,NARITA_13    ,13,3,7,200,7,7,0,0,-14.28571429,0,1,19.4,9.5,18.8,2.002777778,0.6,153,15.5,733.5,992,108,0.15,17.70833334,11.58333334,3.283333333,2.841666667,4.416666667,.,.,365,.,1111,.,.,No
2217,13,Tanzania,Ma_rt1,2,2016_Maruku_20,NARITA 21,20,127852,1,NA,1,3,4,6,Maruku,ratoon1,1,20,NARITA_21    ,21,NARITA_21    ,21,1,5.5,220,5.5,5.5,0,0,-18.33333334,0,1,18.95,9.5,18.3,1.943888889,0.65,150,15.5,.,789.5,.,0.1125,17,12.70833334,3.383333333,2.975,4.083333334,754,35.5,365,10.28169014,1111,216.4650493,209.0401268,No
2220,16,Tanzania,Ma_rt1,2,2016_Maruku_23,NARITA 11,23,127910,1,NA,1,3,7,7,Maruku,ratoon1,1,23,NARITA_11    ,11,NARITA_11    ,11,2,7,230,7,7,21.42857143,5,57.14285714,5,1,18.7,10,18.1,1.81,0.6,164,16,.,793,.,0.075,17.5,12.41666667,3.25,2.833333333,4.166666667,653,140,365,2.607142857,1111,54.16521786,52.42729643,No
2221,17,Tanzania,Ma_rt1,2,2016_Maruku_24,NARITA 20,24,127904,1,NA,1,3,8,8,Maruku,ratoon1,1,24,NARITA_20    ,20,NARITA_20    ,20,0,7,330,7,7,0,0,-14.28571429,0,1,12.9,10,12.8,1.28,0.1,163,16,.,845,.,0.075,15,9.5,2.916666667,2.483333333,4.333333333,658,187,365,1.951871658,1111,27.97402941,27.75717647,No
2224,20,Tanzania,Ma_rt1,2,2016_Maruku_27,NARITA 18,27,127847,2,NA,1,1,11,9,Maruku,ratoon1,2,27,NARITA_18    ,18,NARITA_18    ,18,3,2,45,3,3,0,0,-33.33333333,0,1,17.4,9,16.7,1.855555556,0.7,146,16,.,968,.,0.15,15.08333333,13.08333333,3.366666667,2.933333333,4.333333333,.,.,365,.,1111,.,.,No
2226,22,Tanzania,Ma_rt1,2,2016_Maruku_29,NARITA 26,29,127866,2,NA,1,1,13,10,Maruku,ratoon1,2,29,NARITA_26    ,26,NARITA_26    ,26,0,6,265,6,6,3.571428572,3.5,32.85714286,3.5,1,11.25,7.5,10.8,1.408928572,0.45,111,14,.,947.5,.,0.0875,18.25,9.833333332,2.541666667,2.125,4.166666667,703,244.5,365,1.492842536,1111,18.65866564,17.91231902,No
2228,25,Tanzania,Ma_rt1,2,2016_Maruku_31,Cachaco,31,NA,2,NA,NA,NA,NA,11,Maruku,ratoon1,2,31,Cachaco      ,32,Cachaco      ,32,0,8,270,8,8,0,0,-12.5,0,1,17.4,7,16.6,2.371428571,0.8,94,13,.,793,.,0.15,17,13.41666667,3.783333333,3.333333333,4.5,.,.,365,.,1111,.,.,No
2231,28,Tanzania,Ma_rt1,2,2016_Maruku_32,NARITA 15,32,NA,2,NA,NA,NA,NA,12,Maruku,ratoon1,2,32,NARITA_15    ,15,NARITA_15    ,15,0,8,140,8,8,6.25,8,87.5,8,1,8.9,7,6.9,0.985714286,2,98,14,.,968,.,0.0375,11,8.916666667,2.266666667,1.833333333,4.333333333,629,339,365,1.076696165,1111,10.64626401,8.253845133,No
2232,29,Tanzania,Ma_rt1,2,2016_Maruku_33,NARITA 27,33,127832,2,NA,1,2,9,13,Maruku,ratoon1,2,33,NARITA_27    ,27,NARITA_27    ,27,0,5,190,5,5,10,5,80,5,1,20.1,7,19.2,2.742857143,0.9,111,15,.,1028,.,0.183333333,17.16666667,14.16666667,4.366666667,3.75,4.333333333,.,.,365,.,1111,.,.,No
2233,30,Tanzania,Ma_rt1,2,2016_Maruku_34,NARITA 11,34,127924,2,NA,1,2,10,14,Maruku,ratoon1,2,34,NARITA_11    ,11,NARITA_11    ,11,2.5,6.5,242.5,6.5,6.5,0,0,-15.47619048,0,1,14.6,8.5,14.1,1.570714286,0.5,144,16.5,.,968,.,0.09375,16.875,11.625,2.941666667,2.508333334,4.333333333,835,133,365,2.744360902,1111,44.51518045,42.99068797,No
2237,34,Tanzania,Ma_rt1,2,2016_Maruku_38,NARITA 19,38,127922,2,NA,1,2,14,15,Maruku,ratoon1,2,38,NARITA_19    ,19,NARITA_19    ,19,0,6,140,6,6,5.555555556,6,83.33333333,6,1,4.5,4,4.1,1.025,0.4,39,9,.,996,.,0.0375,11,8.5,2.583333333,2.15,4.333333333,.,.,365,.,1111,.,.,No
2242,39,Tanzania,Ma_rt1,2,2016_Maruku_42,NARITA 13,42,127908,2,NA,1,3,10,16,Maruku,ratoon1,2,42,NARITA_13    ,13,NARITA_13    ,13,0.5,4.5,210,4.5,4.5,4.1666665,3,25,3,1,17.1,9,16.65,1.86125,0.45,156.5,17,.,814,.,0.1125,17.16666667,11.58333334,3.1,2.65,4.5,554.3333333,259.6666667,365,1.405648267,1111,26.70464634,26.00189249,No
2243,40,Tanzania,Ma_rt1,2,2016_Maruku_43,NARITA 7,43,127926,2,NA,1,3,11,17,Maruku,ratoon1,2,43,NARITA_07    ,7,NARITA_07    ,7,1.2,7.2,266,7,7,5.904762,3,20.309524,3,1,13.6,8,12.54,1.516233766,1.06,120.8,14.6,.,872.8,.,0.105,15.11666667,12.5,3.476666667,3.046666667,4.233333333,651,221.8,365,1.645626691,1111,24.86476105,22.92677232,No
2244,41,Tanzania,Ma_rt1,2,2016_Maruku_44,NARITA 8,44,127844,2,NA,1,3,12,18,Maruku,ratoon1,2,44,NARITA_08    ,8,NARITA_08    ,8,0,5,295,5,5,6.666667,5,80,5,1,18.1,8,17.6,2.2,0.5,129,16,.,855,.,0.1,17.83333333,12.41666667,3.216666667,2.8,4.166666667,630.3333333,224.6666667,365,1.62462908,1111,32.66982863,31.76734718,No
2247,44,Tanzania,Ma_rt1,2,2016_Maruku_47,NARITA 4,47,127920,2,NA,1,3,15,19,Maruku,ratoon1,2,47,NARITA_04    ,4,NARITA_04    ,4,0,7,180,7,7,7.142857,7,85.71429,7,1,14.1,7,13.5,1.928571429,0.6,114,16,.,990,.,0.075,15.83333333,11.08333333,2.916666667,2.466666667,4.5,.,.,365,.,1111,.,.,No
2257,55,Tanzania,Ma_rt1,2,2016_Maruku_57,NARITA 26,57,127850,3,NA,1,5,1,20,Maruku,ratoon1,3,57,NARITA_26    ,26,NARITA_26    ,26,0,6,280,6,6,0,6,83.33333,0,1,9.2,8,8.2,1.025,1,120,15,.,792,.,0.035,16.83333333,10.41666667,2.866666667,2.45,4.166666667,573.5,218.5,365,1.670480549,1111,17.07431579,15.2184119,No
2268,66,Tanzania,Ma_rt1,2,2016_Maruku_67,NARITA 7,67,127886,3,NA,1,6,3,21,Maruku,ratoon1,3,67,NARITA_07    ,7,NARITA_07    ,7,3,7,230,7,7,9.52381,7,85.71429,7,1,12.7,7,12.2,1.742857143,0.5,106,15,.,807,.,0.15,16.66666667,11.75,3.15,2.716666667,4.333333333,604.5,202.5,365,1.802469136,1111,25.43229877,24.43102716,No
2270,68,Tanzania,Ma_rt1,2,2016_Maruku_69,NARITA 27,69,127901,3,NA,1,6,5,22,Maruku,ratoon1,3,69,NARITA_27    ,27,NARITA_27    ,27,0,4,62,4,4,8.333333,4,75,4,1,29.9,12,29.5,2.458333333,0.4,196,16,.,819,.,0.15,19.5,11.08333333,2.816666667,2.366666667,4.666666667,564.5,254.5,365,1.434184676,1111,47.64203733,47.00468566,No
2275,75,Tanzania,Ma_rt1,2,2016_Maruku_74,NARITA 7,74,127846,4,NA,1,4,10,23,Maruku,ratoon1,4,74,NARITA_07    ,7,NARITA_07    ,7,7,9,320,9,9,12.96296,8,77.77778,8,1,21.2,10,19.6,1.96,1.6,186,18,.,968,.,0.15,15.41666667,13.41666667,3.4,2.95,4.5,656.5,311.5,365,1.171749599,1111,27.59845265,25.51555056,No
2277,77,Tanzania,Ma_rt1,2,2016_Maruku_76,Enyoya,76,127882,4,1,1,4,12,24,Maruku,ratoon1,4,76,Enyoya       ,30,Enyoya       ,30,5,10,260,10,10,11.66667,9,80,9,1,6.1,5,5.7,1.14,0.4,66,13,.,994,.,0.15,16.83333333,12.33333333,3.316666667,2.9,4.166666667,646.6,347.4,365,1.050662061,1111,7.120441854,6.653527634,No
2278,78,Tanzania,Ma_rt1,2,2016_Maruku_77,Gros michel,77,127864,4,1,1,4,13,25,Maruku,ratoon1,4,77,Gros_Michel  ,33,Gros_Michel  ,33,4,8,242.5,8,8,8.7962965,5.75,55.9523825,5.75,1,17.6,8.25,16.425,2.020714286,1.175,127.25,14.75,.,938,.,0.175,17.04166667,13.3125,3.629166667,3.204166667,4.333333333,760,178,365,2.050561798,1111,40.09586517,37.41901053,No
2279,79,Tanzania,Ma_rt1,2,2016_Maruku_78,NARITA 15,78,127860,4,NA,1,4,14,26,Maruku,ratoon1,4,78,NARITA_15    ,15,NARITA_15    ,15,0.666666667,7,233.3333333,7,7,14.96913567,4,42.12963,4,1,7.033333333,6.333333333,5.866666667,0.925396826,1.166666667,89,13.66666667,.,826.6666667,.,0.048333333,12.44444444,9.516666668,2.622222222,2.2,4.222222222,583.6666667,243,365,1.502057613,1111,11.73712826,9.790211249,No
2280,80,Tanzania,Ma_rt1,2,2016_Maruku_79,NARITA 21,79,127906,4,NA,1,4,15,27,Maruku,ratoon1,4,79,NARITA_21    ,21,NARITA_21    ,21,3.5,8.5,237.5,8.5,8.5,0,5.5,37.12121,0,1,25.1,10,23.9,2.39,1.2,182,18,.,890.5,.,.,.,.,.,.,.,656.5,234,365,1.55982906,1111,43.49754915,41.41798504,No
2282,83,Tanzania,Ma_rt1,2,2016_Maruku_80,NARITA 25,80,NA,4,NA,NA,NA,NA,28,Maruku,ratoon1,4,80,NARITA_25    ,25,NARITA_25    ,25,0,11,270,11,11,7.575758,10,81.81818,10,1,20.5,9,20.1,2.233333333,0.4,144,16,.,699,.,0.075,15.25,10.83333333,3.2,2.766666667,4.333333333,565,134,365,2.723880597,1111,62.03774254,60.82725,No
2283,84,Tanzania,Ma_rt1,2,2016_Maruku_81,Williams,81,127874,4,1,1,5,9,29,Maruku,ratoon1,4,81,Williams     ,34,Williams     ,34,0,8,180,8,8,6.25,8,87.5,8,1,6.4,5,5.7,1.14,0.7,59,11,.,990,.,0.0375,15.33333333,11,2.75,2.3,4.5,619.8571429,370.1428571,365,0.986105751,1111,7.01160633,6.244711888,No
2285,86,Tanzania,Ma_rt1,2,2016_Maruku_83,NARITA 20,83,127897,4,NA,1,5,11,30,Maruku,ratoon1,4,83,NARITA_20    ,20,NARITA_20    ,20,1,8,266.6666667,8,8,12.55511333,7.333333333,78.90211667,7.333333333,1,10.76666667,6.666666667,9.4,1.396825397,1.366666667,97,14.33333333,.,748,.,0.048333333,14.30555556,10.15,2.8,2.377777778,4.222222222,550.75,197.25,365,1.850443599,1111,22.13457457,19.32492269,No
2286,87,Tanzania,Ma_rt1,2,2016_Maruku_84,NARITA 27,84,127848,4,NA,1,5,12,31,Maruku,ratoon1,4,84,NARITA_27    ,27,NARITA_27    ,27,1.333333333,5.333333333,196.6666667,5.333333333,5.333333333,8.88889,3.666666667,42.14285667,3.666666667,1,14.96666667,7,14.16666667,2.066865079,0.8,134,19.33333333,.,827.6666667,.,0.083333333,17.30555555,11.02777778,3.15,2.705555556,4.333333333,559.2,268.4666667,365,1.359572883,1111,22.60693258,21.3985442,No
2288,89,Tanzania,Ma_rt1,2,2016_Maruku_86,NARITA 26,86,127881,4,NA,1,5,14,32,Maruku,ratoon1,4,86,NARITA_26    ,26,NARITA_26    ,26,0.75,9,325,8.25,8.25,0,0,-12.4206325,0,1,19.35,9.5,19.45,2.038888889,-0.1,162,16.5,.,692.75,.,0.13875,16.69166667,11.77083334,3.279166667,2.85,4.083333333,507,185.75,365,1.965006729,1111,42.24341992,42.46173217,No
2289,90,Tanzania,Ma_rt1,2,2016_Maruku_87,NARITA 19,87,127862,4,NA,1,5,15,33,Maruku,ratoon1,4,87,NARITA_19    ,19,NARITA_19    ,19,0.75,6.5,238.75,6.5,6.5,6.59722175,5,37.4999975,3,1,6.65,6.25,5.95,0.933809524,0.7,88.5,13.75,.,714.25,.,12.52625,12.89583334,8.716666667,2.6375,2.216666667,4.25,526,188.25,365,1.938911023,1111,14.32496547,12.81707437,No
2290,91,Tanzania,Ma_rt1,2,2016_Maruku_88,NARITA 13,88,127892,4,NA,1,5,16,34,Maruku,ratoon1,4,88,NARITA_13    ,13,NARITA_13    ,13,1.666666667,7.888888889,206.1111111,7.888888889,7.888888889,5.619622556,4.666666667,38.24034,4.666666667,1,20.22222222,9,19.82222222,2.167566137,0.4,158.3333333,17.22222222,.,642.7777778,.,0.103333333,18.12037037,11.39814815,3.303703704,2.877777778,4.222222222,497.8333333,144.9444445,365,2.518206208,1111,56.57625908,55.45716824,No
2294,95,Tanzania,Ma_rt1,2,2016_Maruku_91,NARITA 12,91,127859,4,NA,1,6,11,35,Maruku,ratoon1,4,91,NARITA_12    ,12,NARITA_12    ,12,2.333333333,6,253.3333333,6,6,8.024692333,4.333333333,47.96296333,4.333333333,1,18,9,17.63333333,1.966666667,0.366666667,154.3333333,16.66666667,.,748.3333333,.,0.075,18.44444444,11.11111111,3.027777778,2.605555556,4.222222222,566,182.3333333,365,2.001828154,1111,40.03255942,39.21708135,No
2295,96,Tanzania,Ma_rt1,2,2016_Maruku_92,NARITA 10,92,127853,4,NA,1,6,12,36,Maruku,ratoon1,4,92,NARITA_10    ,10,NARITA_10    ,10,0,6,140,6,6,19.44444,5,66.66667,5,1,16.6,9,16,1.777777778,0.6,158,17,.,790,.,0.075,18,11,3.1,2.65,4.5,560.8,229.2,365,1.592495637,1111,29.36976003,28.30820244,No
2296,97,Tanzania,Ma_rt1,2,2016_Maruku_93,NARITA 22,93,127863,4,NA,1,6,13,37,Maruku,ratoon1,4,93,NARITA_22    ,22,NARITA_22    ,22,3.666666667,7.333333333,290,7.333333333,7.333333333,6.666666333,7.333333333,85.55555333,7.333333333,1,17.86666667,8.666666667,17.76666667,2.060185185,0.1,144,16.33333333,.,710,.,0.125,17.19444444,11.80555556,3.438888889,3.016666667,4.222222222,552.3333333,157.6666667,365,2.31501057,1111,45.95265116,45.69545349,No
2297,98,Tanzania,Ma_rt1,2,2016_Maruku_94,NARITA 23,94,NA,4,NA,NA,NA,NA,39,Maruku,ratoon1,4,94,NARITA_23    ,23,NARITA_23    ,23,5,9,310,9,9,11.6666665,8,35,4,1,34.25,11.5,33.9,2.956818182,0.35,192.5,16.5,.,674.5,.,75.075,16.91666667,14.125,4.308333333,3.875,4.083333334,476,198.5,365,1.838790932,1111,69.96921285,69.25419899,No
2298,99,Tanzania,Ma_rt1,2,2016_Maruku_94,NARITA 4,94,127917,4,NA,1,6,14,38,Maruku,ratoon1,4,94,NARITA_04    ,4,NARITA_04    ,4,3,8.333333333,230,8.333333333,8.333333333,2.083333333,1,0.462963333,2.666666667,1,41.43333333,10.66666667,40.63333333,3.806969697,0.8,247.6666667,23,.,739.3333333,.,0.15,18.88888889,13.11111111,3.666666667,3.222222222,4.222222222,548.25,191.0833333,365,1.910161361,1111,87.9293755,86.23162408,No
2299,100,Tanzania,Ma_rt1,2,2016_Maruku_95,NARITA 2,95,127849,4,NA,1,6,15,40,Maruku,ratoon1,4,95,NARITA_02    ,2,NARITA_02    ,2,1.6,7.8,279,7.8,7.8,2.777778,1,6.611112,1,1,20.9,8.8,19.08,2.130227273,1.82,152.4,16.6,.,766,.,30.067,17.1,11.56666666,3.223333334,2.813333333,4.166666667,525.25,240.75,365,1.516095535,1111,35.20358671,32.13801121,No
2300,101,Tanzania,Ma_rt1,2,2016_Maruku_96,Cachaco,96,127912,4,1,1,6,16,41,Maruku,ratoon1,4,96,Cachaco      ,32,Cachaco      ,32,2,5,250,5,5,0,0,-20,0,1,8.1,6,7.5,1.25,0.6,66,11,.,996,.,0.15,14.91666667,11.91666667,3.333333333,2.916666667,4.166666667,559,437,365,0.835240275,1111,7.516410755,6.959639588,No
2310,79,Tanzania,Ma_rt2,3,2016_Maruku_8,Williams,8,127921,1,1,1,1,8,3,Maruku,ratoon2,1,8,Williams     ,34,Williams     ,34,1,8,232.5,8,8,14.58333333,7,75,7,1,10.7,5,9.25,1.879166667,1.45,70,13.5,.,1137.5,.,0.0375,7.416666665,5.416666665,1.591666667,1.391666667,2,.,.,365,.,1111,.,.,No
2311,91,Tanzania,Ma_rt2,3,2016_Maruku_9,NARITA 8,9,127918,1,NA,1,2,1,4,Maruku,ratoon2,1,9,NARITA_08    ,8,NARITA_08    ,8,4,8,275,8,8,0,0,-12.5,0,1,12.9,6,11.4,1.9,1.5,105,17,.,1143,.,0.075,18,11.5,3.3,2.883333333,4.166666667,.,.,365,.,1111,.,.,No
2312,2,Tanzania,Ma_rt2,3,2016_Maruku_10,NARITA 15,10,127855,1,NA,1,2,2,1,Maruku,ratoon2,1,10,NARITA_15    ,15,NARITA_15    ,15,2,3,140,3,3,0,0,-33.33333333,0,1,6.6,5,5.5,1.1,1.1,64,12,1043,1143,100,0.075,14.5,10.25,2.95,2.5,4.5,970,173,365,2.10982659,1111,15.47051445,12.89209538,No
2326,16,Tanzania,Ma_rt2,3,2016_Maruku_23,NARITA 11,23,127910,1,NA,1,3,7,2,Maruku,ratoon2,1,23,NARITA_11    ,11,NARITA_11    ,11,3,7,280,7,7,0,0,-14.28571429,0,1,16.8,9,16.3,1.811111111,0.5,150,16,.,967,.,0.075,19.41666667,11.91666667,3.183333333,2.733333333,4.5,793,174,365,2.097701149,1111,39.15317241,37.98789943,No
2333,24,Tanzania,Ma_rt2,3,2016_Maruku_30,NARITA 14,30,127893,2,NA,1,1,14,5,Maruku,ratoon2,2,30,NARITA_14    ,14,NARITA_14    ,14,6,8,240,8,8,0,0,-12.5,0,1,21.8,10,20.8,2.08,1,165,16,.,1142,.,.,.,.,.,.,.,.,.,365,.,1111,.,.,No
2339,28,Tanzania,Ma_rt2,3,2016_Maruku_34,NARITA 11,34,127924,2,NA,1,2,10,6,Maruku,ratoon2,2,34,NARITA_11    ,11,NARITA_11    ,11,1.5,6.5,255,6.5,6.5,0,0,-15.47619048,0,1,16.9,8.5,16.2,1.92,0.7,143,16,1043,1137,95,0.15,16.375,11.08333333,3.166666667,2.733333333,4.25,968,169,365,2.159763314,1111,40.5515,38.87185207,No
2343,32,Tanzania,Ma_rt2,3,2016_Maruku_38,NARITA 19,38,127922,2,NA,1,2,14,7,Maruku,ratoon2,2,38,NARITA_19    ,19,NARITA_19    ,19,0,7,220,7,7,0,0,-14.28571429,0,1,12.8,7,12.8,1.828571429,0,108,15,1021,1142,121,.,.,.,.,.,.,996,146,365,2.5,1111,35.552,35.552,No
2348,37,Tanzania,Ma_rt2,3,2016_Maruku_42,NARITA 13,42,127908,2,NA,1,3,10,8,Maruku,ratoon2,2,42,NARITA_13    ,13,NARITA_13    ,13,3,6,210,6,6,5.555556,6,83.33333,6,1,18.4,8,17,2.125,1.4,136,17,1058,1143,85,0.15,17,11,3.15,2.766666667,4.166666667,814,329,365,1.109422492,1111,22.67925836,20.95366261,No
2349,38,Tanzania,Ma_rt2,3,2016_Maruku_43,NARITA 7,43,127926,2,NA,1,3,11,9,Maruku,ratoon2,2,43,NARITA_07    ,7,NARITA_07    ,7,4.666666667,7.333333333,241.6666667,7.333333333,7.333333333,6.250001,4.333333333,48.61111,4.333333333,1,20.6,9.333333333,19.5,2.098888889,1.1,154.6666667,16,.,1059.666667,.,0.166666667,15.98333333,13.36111111,3.833333333,3.394444444,4.444444445,872.8,186.866667,365,1.953264356,1111,44.70358001,42.31649564,No
2373,64,Tanzania,Ma_rt2,3,2016_Maruku_66,NARITA 9,66,NA,3,NA,NA,NA,NA,10,Maruku,ratoon2,3,66,NARITA_09    ,9,NARITA_09    ,9,2,10,215,0,0,0,0,0,0,1,9.4,6,8.7,1.45,0.7,76,12,.,1153,.,0.073333333,18.83333333,10.66666667,3.15,2.683333333,4,.,.,365,.,1111,.,.,No
2381,73,Tanzania,Ma_rt2,3,2016_Maruku_74,NARITA 7,74,127846,4,NA,1,4,10,11,Maruku,ratoon2,4,74,NARITA_07    ,7,NARITA_07    ,7,4,7.333333333,301.6666667,7.333333333,7.333333333,9.52381,1.666666667,10.11905,1.666666667,1,20.96666667,9.666666667,19.56666667,2.030639731,1.4,166,16.66666667,.,1042,.,0.166666667,17.30555556,13.30555556,3.822222222,3.327777778,4.388888889,968,74,365,4.932432432,1111,114.8959167,107.2240113,No
2384,76,Tanzania,Ma_rt2,3,2016_Maruku_77,Gros michel,77,127864,4,1,1,4,13,12,Maruku,ratoon2,4,77,Gros_Michel  ,33,Gros_Michel  ,33,2,9.5,300,9.5,9.5,0,0,-10.7954545,0,1,30.75,9.5,29.9,3.135,0.85,177.5,18,.,1138,.,.,.,.,.,.,.,938,200,365,1.825,1111,62.34793125,60.6244925,No
2385,77,Tanzania,Ma_rt2,3,2016_Maruku_78,NARITA 15,78,127860,4,NA,1,4,14,13,Maruku,ratoon2,4,78,NARITA_15    ,15,NARITA_15    ,15,0,7,280,7,7,0,0,-14.28571,0,1,10.2,10,9.8,0.98,0.4,154,15,.,1112,.,0.075,13.58333333,11.75,3.133333333,2.716666667,4.166666667,826.6666667,285.3333333,365,1.279205608,1111,14.49621379,13.92773481,No
2386,78,Tanzania,Ma_rt2,3,2016_Maruku_79,NARITA 21,79,127906,4,NA,1,4,15,14,Maruku,ratoon2,4,79,NARITA_21    ,21,NARITA_21    ,21,6.333333333,11.33333333,250,11.33333333,11.33333333,8.333333333,6.666666667,46.66666667,6.666666667,1,17.76666667,8.333333333,20.7,2.427261905,-2.933333333,154,17.66666667,.,1044,.,0.1,10.16666667,7.916666667,1.966666667,1.677777778,2.888888889,890.5,153.5,365,2.377850163,1111,46.93582954,54.68508469,No
2388,81,Tanzania,Ma_rt2,3,2016_Maruku_80,NARITA 25,80,NA,4,NA,NA,NA,NA,15,Maruku,ratoon2,4,80,NARITA_25    ,25,NARITA_25    ,25,4,8,275,8,8,0,0,-12.5,0,1,32.4,11,32,2.909090909,0.4,191,17,.,1142,.,.,.,.,.,.,.,699,443,365,0.823927765,1111,29.65843341,29.29227991,No
2391,84,Tanzania,Ma_rt2,3,2016_Maruku_83,NARITA 20,83,127897,4,NA,1,5,11,16,Maruku,ratoon2,4,83,NARITA_20    ,20,NARITA_20    ,20,0,5,220,5,5,0,0,-20,0,1,15.1,9,14.2,1.577777778,0.9,155,17,.,994,.,.,.,.,.,.,.,748,246,365,1.483739837,1111,24.89136789,23.40777642,No
2394,87,Tanzania,Ma_rt2,3,2016_Maruku_86,NARITA 26,86,127881,4,NA,1,5,14,17,Maruku,ratoon2,4,86,NARITA_26    ,26,NARITA_26    ,26,2.5,7.5,316.25,7.5,7.5,5.2083325,3.75,33.3333325,3.75,1,23.15,10.75,22.075,2.038409091,1.075,186.5,17,.,841,.,0.13125,18.02083333,12.08333333,3.2875,2.866666667,4.208333333,692.75,148.25,365,2.462057336,1111,63.32325295,60.38275632,No
2395,88,Tanzania,Ma_rt2,3,2016_Maruku_87,NARITA 19,87,127862,4,NA,1,5,15,18,Maruku,ratoon2,4,87,NARITA_19    ,19,NARITA_19    ,19,0.666666667,7,220,6.666666667,6.666666667,6.448411667,4.666666667,46.90476333,4.666666667,1,9.4,6,8.966666667,1.481269841,0.433333333,90.33333333,14.66666667,.,812.3333333,.,0.061666667,15.25,10.68333333,2.7,2.272222222,4.277777778,714.25,98.0833333,365,3.721325405,1111,38.86328973,37.07171964,No
2396,89,Tanzania,Ma_rt2,3,2016_Maruku_88,NARITA 13,88,127892,4,NA,1,5,16,19,Maruku,ratoon2,4,88,NARITA_13    ,13,NARITA_13    ,13,3.666666667,7,195,7,7,10.57098667,5,42.59259333,5,1,23.9,10.66666667,24.33333333,2.288131313,-0.433333333,199.3333333,18,.,995.3333333,.,0.133333333,18.36111111,12,3.238888889,2.805555555,4.333333333,642.7777778,352.5555555,365,1.035297826,1111,27.49015963,27.98858651,No
2400,93,Tanzania,Ma_rt2,3,2016_Maruku_91,NARITA 12,91,127859,4,NA,1,6,11,20,Maruku,ratoon2,4,91,NARITA_12    ,12,NARITA_12    ,12,1.5,6.5,165,6.5,6.5,2.0833335,4,33.75,4,1,12.15,7.5,11.95,1.583035715,0.2,113.5,14.5,.,982,.,0.075,17.375,11.25,2.858333334,2.441666667,4.166666667,748.3333333,233.6666667,365,1.562054208,1111,21.08562304,20.73853459,No
2402,95,Tanzania,Ma_rt2,3,2016_Maruku_93,NARITA 22,93,127863,4,NA,1,6,13,21,Maruku,ratoon2,4,93,NARITA_22    ,22,NARITA_22    ,22,2.666666667,9,313.3333333,9,9,7.407406333,5.333333333,48.14815,5.333333333,1,26.96666667,10,26.13333333,2.61780303,0.833333333,169.6666667,16.66666667,.,821,.,0.15,19.30555555,12.25,3.344444444,2.905555555,4.388888889,710,111,365,3.288288288,1111,98.51700752,95.47260059,No
2405,97,Tanzania,Ma_rt2,3,2016_Maruku_95,NARITA 2,95,127849,4,NA,1,6,15,22,Maruku,ratoon2,4,95,NARITA_02    ,2,NARITA_02    ,2,1.5,5,295,5,5,0,0,-20.833335,0,1,13,7.5,12.35,1.652678572,0.65,114,14.5,.,981,.,0.15,16.41666667,11.66666667,3.041666667,2.625,4.166666667,766,215,365,1.697674419,1111,24.51951163,23.29353605,No
2409,13,Tanzania,Ma_rt3,4,2016_Maruku_2,Enyoya,2,127889,1,1,1,1,2,2,Maruku,ratoon3,1,2,Enyoya       ,30,Enyoya       ,30,2,7,215,7,7,0,0,-14.28571429,0,1,31.9,10,28.1,2.81,3.8,204,20,.,1143,.,0.15,19.91666667,12.16666667,3.416666667,2.983333333,4.333333333,.,.,365,.,1111,.,.,No
2413,57,Tanzania,Ma_rt3,4,2016_Maruku_6,NARITA 26,6,127913,1,NA,1,1,6,3,Maruku,ratoon3,1,6,NARITA_26    ,26,NARITA_26    ,26,1,6,238.3333333,6,6,0,0,-16.98412699,0,1,10.86666667,6,9.366666667,1.53968254,1.5,94.66666667,15.33333333,.,1143,.,0.125,16.66666667,11.11111111,3.194444444,2.772222222,4.222222222,.,.,365,.,1111,.,.,No
2415,69,Tanzania,Ma_rt3,4,2016_Maruku_7,NARITA 6,7,NA,1,NA,NA,NA,NA,4,Maruku,ratoon3,1,7,NARITA_06    ,6,NARITA_06    ,6,1,7,192.5,3.5,3.5,3.571428572,3.5,42.85714286,3.5,1,13.3,7.5,12.7,1.690178572,0.6,127,16.5,.,1143,.,0.075,15,10.95833334,3.191666667,2.741666667,4.5,.,.,365,.,1111,.,.,No
2422,6,Tanzania,Ma_rt3,4,2016_Maruku_13,NARITA 9,13,NA,1,NA,NA,NA,NA,1,Maruku,ratoon3,1,13,NARITA_09    ,9,NARITA_09    ,9,2,8,298,8,8,0,0,-12.5,0,1,20.4,9,18.7,2.077777778,1.7,155,17,.,1170,.,0.15,16.91666667,12.08333333,3.566666667,3.133333333,4.333333333,.,.,365,.,1111,.,.,No
2439,23,Tanzania,Ma_rt3,4,2016_Maruku_29,NARITA 26,29,127866,2,NA,1,1,13,5,Maruku,ratoon3,2,29,NARITA_26    ,26,NARITA_26    ,26,0,10,285,10,10,0,0,-10,0,1,15.4,7,13.6,1.942857143,1.8,104,14,.,1136,.,0.15,14.83333333,11.66666667,3.366666667,2.933333333,4.333333333,.,.,365,.,1111,.,.,No
2446,29,Tanzania,Ma_rt3,4,2016_Maruku_34,NARITA 11,34,127924,2,NA,1,2,10,6,Maruku,ratoon3,2,34,NARITA_11    ,11,NARITA_11    ,11,4,8,200,8,8,6.25,8,87.5,8,1,19.7,10,18.5,1.85,1.2,142,14,.,1143,.,0.075,18,10.83333333,3.066666667,2.633333333,4.333333333,1137,6,365,60.83333333,1111,1331.440917,1250.337917,No
2451,34,Tanzania,Ma_rt3,4,2016_Maruku_39,NARITA 2,39,127868,2,NA,1,2,15,7,Maruku,ratoon3,2,39,NARITA_02    ,2,NARITA_02    ,2,0,7,240,6,6,0,0,-16.66666667,0,1,18.5,9,17.5,1.944444444,1,160,17,.,1142,.,.,.,.,.,.,.,.,.,365,.,1111,.,.,No
2490,76,Tanzania,Ma_rt3,4,2016_Maruku_76,Enyoya,76,127882,4,1,1,4,12,8,Maruku,ratoon3,4,76,Enyoya       ,30,Enyoya       ,30,3,8,270,8,8,0,0,-12.5,0,1,30.4,10,29.6,2.96,0.8,173,17,.,1139,.,.,.,.,.,.,.,.,.,365,.,1111,.,.,No
2495,82,Tanzania,Ma_rt3,4,2016_Maruku_80,NARITA 25,80,NA,4,NA,NA,NA,NA,9,Maruku,ratoon3,4,80,NARITA_25    ,25,NARITA_25    ,25,2,8,210,8,8,0,0,-12.5,0,1,28.8,10,27.6,2.76,1.2,189,18,.,1170,.,0.2,18,12.5,3.633333333,3.2,4.333333333,1142,28,365,13.03571429,1111,417.1011429,399.7219286,No
2496,83,Tanzania,Ma_rt3,4,2016_Maruku_81,Williams,81,127874,4,1,1,5,9,10,Maruku,ratoon3,4,81,Williams     ,34,Williams     ,34,0,7,210,7,7,0,0,-14.28571,0,1,14.8,7,14,2,0.8,104,14,.,1142,.,.,.,.,.,.,.,.,.,365,.,1111,.,.,No
2501,88,Tanzania,Ma_rt3,4,2016_Maruku_86,NARITA 26,86,127881,4,NA,1,5,14,11,Maruku,ratoon3,4,86,NARITA_26    ,26,NARITA_26    ,26,3,8,280,8,8,0,0,-12.5,0,1,22.4,12,21.5,1.791666667,0.9,216,18,.,980,.,0.15,19.58333333,13.41666667,3.516666667,3.066666667,4.5,841,139,365,2.625899281,1111,65.34917986,62.72354317,No
2502,89,Tanzania,Ma_rt3,4,2016_Maruku_87,NARITA 19,87,127862,4,NA,1,5,15,12,Maruku,ratoon3,4,87,NARITA_19    ,19,NARITA_19    ,19,2.666666667,7.333333333,220,7.333333333,7.333333333,3.472223333,2.333333333,15.27777667,2.333333333,1,14.56666667,7.666666667,13.43333333,1.761904762,1.133333333,120.3333333,15,1059.5,1093.333333,82.5,0.0125,4.333333333,3.166666667,0.738888889,0.605555556,1.388888889,812.3333333,280.9999997,365,1.298932386,1111,21.02135886,19.38582979,No
2507,94,Tanzania,Ma_rt3,4,2016_Maruku_91,NARITA 12,91,127859,4,NA,1,6,11,13,Maruku,ratoon3,4,91,NARITA_12    ,12,NARITA_12    ,12,2.5,4.5,174,4.5,4.5,0,0,-22.5,0,1,17.2,8,15.5,1.9375,1.7,136.5,17,.,1170,.,0.125,17.45833334,10.70833334,3.258333334,2.825,4.333333333,982,188,365,1.941489362,1111,37.10030851,33.43341755,No
2509,96,Tanzania,Ma_rt3,4,2016_Maruku_93,NARITA 22,93,127863,4,NA,1,6,13,14,Maruku,ratoon3,4,93,NARITA_22    ,22,NARITA_22    ,22,4,8,290,8,8,0,0,-12.5,0,1,19.1,10,18.2,1.82,0.9,156,15,.,996,.,0.15,17.41666667,11.91666667,3.366666667,2.916666667,4.5,821,175,365,2.085714286,1111,44.25906571,42.17356,No
2512,98,Tanzania,Ma_rt3,4,2016_Maruku_95,NARITA 2,95,127849,4,NA,1,6,15,15,Maruku,ratoon3,4,95,NARITA_02    ,2,NARITA_02    ,2,0,6.5,290,6.5,6.5,0,0,-16.25,0,1,15.15,8,13.9,1.7375,1.25,112,13.5,1037,1067.5,108,0.075,16,11,3.183333333,2.741666667,4.416666667,981,86.5,365,4.219653179,1111,71.02372543,65.16368208,No
2608,85,Tanzania,Ma_rt4,5,2016_Maruku_86,NARITA 26,86,127881,4,NA,1,5,14,1,Maruku,ratoon4,4,86,NARITA_26    ,26,NARITA_26    ,26,2,8,275,8,8,0,0,-12.5,0,1,25.1,10,24.4,2.44,0.7,179,17,.,994,.,0.15,17.83333333,11.33333333,2.983333333,2.533333333,4.5,980,14,365,26.07142857,1111,727.0304643,706.7547143,No
2609,86,Tanzania,Ma_rt4,5,2016_Maruku_87,NARITA 19,87,127862,4,NA,1,5,15,2,Maruku,ratoon4,4,87,NARITA_19    ,19,NARITA_19    ,19,1.5,6.5,163.5,6.5,6.5,0,0,-16.25,0,1,12.8,6.5,12.45,1.908333334,0.35,97,14.5,.,1170,.,0.075,13,10.15833334,2.991666667,2.558333334,4.333333333,1093.333333,76.666667,365,4.760869545,1111,67.70337362,65.8521095,No
