"id","MLDS","MLWS","R10mm","R20mm","Rx1day","Rx5day","R95p","R99p","Rtotal","SDII","maxDT","minDT","maxNT","minNT","DTR","SU","TR","CFD","WSDI","CSDI","T10p","T90p","rhum_06","rhum_09","rhum_12","rhum_15","rhum_18"
"imtp_1566_c1",5,33,42,14,173.410003662109,268.310001373291,685.950000762939,339.110004425049,2121.02999842167,8.13314393316537,35.3490234375,19.8628784179688,24.8875061035156,17.117333984375,7,136,0,0,8,5,20.1040161132813,31.877279663086,93.823972089791,79.435978807049,70.2415559321274,74.8340085465231,85.8853037327896
"imtp_1566_c2",12,11,6,5,98.6800003051758,193.180000782013,309.890000343323,172.360000610352,568.730000495911,8.36585715136358,36.9334045410156,19.723291015625,23.1451965332031,14.3508850097656,8,47,0,0,4,5,18.8678894042969,33.9241424560547,94.8182976696942,77.3938102464418,65.6930075722772,68.4704862285305,84.2604639465744
"imtp_1683",1,174,107,63,98.7099990844727,188.500000476837,989.419994354248,289.219997406006,4722.61999261379,12.9054644606967,25.030908203125,19.9300476074219,17.5288940429688,14.3772216796875,6,0,0,0,3,3,15.6015289306641,23.591683959961,92.622085965198,77.9989066538603,73.8854225822117,79.139344173929,90.404371821362
"imtp_1924",19,77,40,11,70.4899978637695,135.779999375343,414.449995040894,180.059997558594,1495.2199934721,8.25695648550501,35.8960815429688,25.9114318847656,24.1656433105469,19.9315734863281,8,153,0,0,9,8,21.3001647949219,34.3891052246094,95.9174610137939,79.949133682251,65.5507639077994,72.3861770776602,87.8591118152325
"imtp_2935",8,30,12,0,19.9899997711182,60.4100008010864,137.610000610352,36.0200004577637,561.080001711845,4.96608334621415,35.0494018554688,27.4576049804688,24.1292358398438,21.2743469238281,9,172,0,0,3,5,21.9188873291016,33.6194244384766,95.3258530064633,77.7566804986251,62.2579147539641,69.6053301961798,86.9295555114746
"imtp_2937_c1",5,73,66,27,94.3399963378906,238.220001220703,698.119998931885,233.289993286133,2598.82999944687,11.517224667479,29.4767700195313,23.0636840820313,23.9391418457031,20.6178527832031,5,0,0,0,5,9,21.6163726806641,28.9434143066406,96.3691561818123,86.714446246624,81.9708437621593,85.1499848663807,92.5766407251358
"imtp_2938",13,28,30,17,77.7600021362305,193.680002689362,574.060005187988,249.560005187988,1710.88000249863,7.95945206625583,39.0691467285156,20.2159057617188,24.6087585449219,14.6009765625,7,125,0,0,10,5,19.6453826904297,33.3007995605469,95.1653291216548,73.1603788885271,68.3717906430641,72.9878372524096,84.3826299157942
"imtp_2939_c1",69,56,66,28,118.660003662109,160.340003728867,810.670003890991,369.490005493164,2585.92000615597,11.1948498114144,36.6359497070313,22.4667602539063,24.6092163085938,17.5830017089844,9,206,0,0,10,7,19.4246765136719,35.0709197998047,77.0750393660172,60.5038996157439,52.955196806774,51.8354529977421,65.7493466639864
"imtp_2939_c2",75,105,65,21,111.470001220703,180.840002059937,768.440006256104,320.010005950928,2409.66000521183,10.0686722201647,36.9814697265625,22.97451171875,23.8945251464844,17.164208984375,9,243,0,0,25,5,19.2679382324219,34.2819458007813,71.509719102372,56.5389739921809,49.829440114744,49.0636895098494,64.5038350088179
"imtp_2940_alley_c1",5,143,99,31,73.0299987792969,166.14999961853,650.620002746582,224.170001983643,3132.7500013113,9.75941176887821,32.9448486328125,25.5256896972656,24.9758850097656,21.5334411621094,6,179,0,0,6,4,22.3731323242188,31.8375946044922,95.9061162927178,80.4602221585392,73.6491822553485,76.734837253442,87.5392288893796
"imtp_2940_alley_c2",5,89,53,11,53.7900009155273,102.980000495911,334.979997634888,119.199998855591,1672.46000099182,8.14966184044806,32.800439453125,25.5778137207031,24.5650268554688,20.0344177246094,6,81,0,0,6,5,22.08974609375,31.1094909667969,95.7926076583532,80.7661815164409,74.4064681643531,76.5330521389519,87.6679419645499
"imtp_2940_mono_c1",5,143,114,31,73.0299987792969,166.14999961853,689.56000328064,224.170001983643,3407.28000092506,9.85281609465507,32.9448486328125,25.5256896972656,24.9758850097656,21.5334411621094,6,179,0,0,7,4,22.3690673828125,31.8067169189453,95.8482459783554,80.6835191845894,74.0987494091193,77.1125099162261,87.6146129568418
"imtp_2940_mono_c2",20,89,39,10,53.7900009155273,102.980000495911,349.859998703003,119.199998855591,1407.89000022411,7.05485148619086,34.7333923339844,25.5778137207031,25.2142883300781,20.0120788574219,7,127,3,0,11,5,22.0509704589844,33.1441467285157,95.9878835370464,78.603373312181,68.9262093805498,71.18634833059,86.0379622367121
"imtp_2941_c1",21,82,56,8,83.2300033569336,138.330002784729,501.600010871887,214.120006561279,2092.84000980854,7.08663336538399,36.1271606445313,24.8343444824219,24.4813781738281,16.5400939941406,8,208,0,0,13,8,21.2861877441406,33.87587890625,95.8946843230516,76.1834961565355,64.9596145610857,66.102096110508,82.0288894253776
"imtp_2941_c2",41,18,5,3,56.7000007629395,82.5500006526709,183.820001602173,97.0400009155273,445.34000146389,5.22555557350732,37.1233154296875,26.3723693847656,24.8912902832031,17.722802734375,10,171,0,0,8,18,20.1366455078125,36.0477905273438,90.3813195965716,65.4307263646149,49.3800974076497,46.0733607610067,66.6080052380401
"imtp_2942",14,28,23,9,197.820007324219,230.000008106232,661.710015296936,424.420017242432,1503.73001813889,7.05342474000605,31.9486633300781,26.2531982421875,25.3486267089844,22.8031555175781,5,53,9,0,5,7,23.6225830078125,30.2413208007813,91.5566004082231,82.9801605417149,71.7170327965769,72.5900655319262,82.4865842993703
"imtp_2957",12,15,20,15,106.470001220703,216.280006408691,673.960012435913,326.500007629395,1264.61001324654,9.43014397978675,28.9283081054688,20.1102233886719,27.078271484375,18.8238464355469,1,0,62,0,8,13,20.6666259765625,27.5970367431641,77.476643863801,74.2963162206834,72.9761463165283,73.7441133191509,76.6857047665504
"imtp_16166_mother_A",49,63,48,24,86.8499984741211,152.859997749329,663.339994430542,255.919998168945,1934.13999581337,11.2649710731139,37.0205932617188,19.749658203125,28.4518676757813,8.59682617187502,7,150,107,0,6,27,12.7339538574219,32.9926818847656,95.6385303708552,74.9529901560432,68.0957067781628,65.5407096042695,77.0737698334436
"imtp_16166_mother_B",49,63,48,24,86.8499984741211,152.859997749329,663.339994430542,255.919998168945,1950.44999599457,11.103954778658,37.0205932617188,19.749658203125,28.4518676757813,8.59682617187502,7,150,107,0,6,27,12.8098846435547,32.9589721679688,95.5987282039234,74.598293220472,67.6043652708425,65.0271069628638,76.584082309555
"imtp_16166_mother_C",49,63,48,24,86.8499984741211,152.859997749329,637.0299949646,209.669998168945,1931.86999583244,11.3081976493474,37.0205932617188,19.749658203125,28.4518676757813,8.59682617187502,7,150,107,0,6,26,12.731820678711,33.0258422851563,95.6291376577841,75.154019987261,68.4390544633608,65.9588706300065,77.3737823383228
"imtp_16167_mother_A",16,46,19,1,45.4700012207031,80.520001411438,198.89999961853,80.1499996185303,877.229999542236,6.16249999648111,36.2710205078125,27.0401245117188,23.9522033691406,21.2206665039063,9,190,0,0,17,7,21.7208190917969,34.4205871582031,95.7980258355991,77.3140928339661,61.697375032417,70.3453078368887,86.6044771819688
"imtp_16167_mother_B",16,51,20,1,45.4700012207031,80.520001411438,210.619999885559,80.1499996185303,910.509999752045,6.1786274489478,36.2710205078125,27.0401245117188,23.9522033691406,21.2206665039063,9,191,0,0,17,6,21.7094818115235,34.4144073486328,95.832366385111,77.4716738879196,61.8976220231715,70.5958485952238,86.7349223625369
"imtp_16167_mother_C",16,40,18,1,45.4700012207031,80.520001411438,193.650000572205,80.0200004577637,828.410000681877,6.07908451140032,36.2710205078125,27.2983032226563,23.9522033691406,21.2206665039063,9,190,0,0,16,7,21.7338134765625,34.4372314453125,95.7548211929646,77.1249408803088,61.2894930900411,70.0144550891633,86.4094015243206
"imtp_16167_mother_D",16,51,20,1,45.4700012207031,80.520001411438,210.619999885559,80.1499996185303,910.509999752045,6.1786274489478,36.2710205078125,27.0401245117188,23.9522033691406,21.2206665039063,9,191,0,0,17,6,21.7094818115235,34.4144073486328,95.832366385111,77.4716738879196,61.8976220231715,70.5958485952238,86.7349223625369
"imtp_16167_mother_E",16,42,18,1,45.4700012207031,80.520001411438,193.650000572205,80.0200004577637,843.26000058651,6.09777778141304,36.2710205078125,27.2983032226563,23.9522033691406,21.2206665039063,9,190,0,0,16,7,21.7240051269531,34.4316833496094,95.7689825774245,77.1877556973872,61.4103335288004,70.1367432638563,86.4863810800802
"imtp_16170_mother_A",13,17,25,10,41.9099998474121,93.0700011253357,451.799998283386,149.049999237061,1363.17999625206,5.44873075568332,33.9731994628906,26.7548767089844,24.8632446289063,21.831201171875,6,265,0,0,17,6,22.9261383056641,31.8495758056641,93.8567607451458,82.5192009867454,70.4658111163548,72.0013562027289,82.117158850845
"imtp_16170_mother_B",13,17,25,10,41.9099998474121,93.0700011253357,451.799998283386,149.049999237061,1337.65999686718,5.49245058138498,33.9731994628906,26.7548767089844,24.8632446289063,21.831201171875,6,257,0,0,17,6,22.9062896728516,31.8339447021485,93.8983150102705,82.5816991716155,70.4866538022825,71.9986395511328,82.1163485262406
"imtp_16170_mother_C",13,17,24,10,41.9099998474121,93.0700011253357,438.06999874115,149.049999237061,1294.7999972105,5.51192621901998,33.9731994628906,26.7548767089844,24.8632446289063,21.831201171875,6,249,0,0,17,6,22.9037628173828,31.8366119384766,93.8822509765625,82.5953908559438,70.4822497084334,71.9421139485127,82.0420762139398
"imtp_16170_mother_D",13,17,24,10,41.9099998474121,93.0700011253357,424.709999084473,149.049999237061,1276.15999746323,5.56327730119854,33.9731994628906,26.7548767089844,24.8632446289063,21.831201171875,6,243,0,0,17,6,22.9020568847656,31.8464263916016,93.8689418368869,82.5589390436808,70.4318455696106,71.8774522781372,81.9070390913222
"imtp_16170_mother_E",13,17,24,10,41.9099998474121,93.0700011253357,438.06999874115,149.049999237061,1294.7999972105,5.51192621901998,33.9731994628906,26.7548767089844,24.8632446289063,21.831201171875,6,249,0,0,17,6,22.9037628173828,31.8366119384766,93.8822509765625,82.5953908559438,70.4822497084334,71.9421139485127,82.0420762139398
"imtp_16176_mother_A",9,55,28,5,32.8600006103516,87.6200022697449,295.620003700256,90.6300029754639,1274.47000300884,5.895000014234,35.6433654785156,20.3028503417969,24.6131530761719,16.9960571289063,7,168,0,0,11,8,20.6426025390625,32.2690063476563,94.0852479221982,69.7229010965476,65.8073091201511,71.5682641433227,82.5004789956524
"imtp_16176_mother_B",9,55,31,6,32.8600006103516,87.6200022697449,323.500003814697,90.6300029754639,1354.46000313759,6.04513159313386,35.6433654785156,20.3028503417969,24.6131530761719,16.9960571289063,7,172,0,0,11,8,20.5365600585938,32.1679077148438,94.1858379377033,70.0954196656523,66.1764078368099,71.8679621960116,82.790784634014
"imtp_16176_mother_C",9,55,28,5,32.8600006103516,87.6200022697449,295.620003700256,90.6300029754639,1263.46000277996,5.89857799496604,35.6433654785156,20.3028503417969,24.6131530761719,16.9960571289063,7,168,0,0,11,8,20.6243530273438,32.2778076171875,94.0699731149981,69.6116403012293,65.7103688093069,71.4628274705675,82.4350240290379
"imtp_16176_mother_D",9,55,29,5,32.8600006103516,87.6200022697449,309.650003433228,90.6300029754639,1296.54000270367,5.92094171659461,35.6433654785156,20.3028503417969,24.6131530761719,16.9960571289063,7,171,0,0,11,8,20.6518310546875,32.1994720458985,94.1542794174618,69.8560682402717,65.8695108625624,71.6428885857264,82.6554013358222
"imtp_16177_mother_A",28,100,14,7,56.6300010681152,102.069999933243,338.919998168945,127.030000686646,1139.04999911785,5.51612149093683,32.8635498046875,26.3307434082031,25.9512268066406,22.4239135742188,5,111,45,0,8,15,23.7148376464844,31.1767791748047,86.9193936364125,75.9202584304379,70.1147309750487,68.8446484474139,75.5802784073824
"imtp_16177_mother_B",28,100,14,7,56.6300010681152,102.069999933243,338.919998168945,127.030000686646,1129.70999896526,5.52410376843346,32.8635498046875,26.3307434082031,25.9512268066406,22.4239135742188,5,111,44,0,8,15,23.7131896972656,31.1800567626953,86.9118337197737,75.8892522508448,70.0678654042157,68.8142029263756,75.5590835267847
"imtp_16177_mother_C",28,100,24,7,56.6300010681152,102.069999933243,381.239995956421,127.030000686646,1410.3099976778,5.65381322028514,32.8635498046875,26.3307434082031,25.9512268066406,22.4239135742188,4,111,47,0,8,15,23.7570495605469,31.0119140625,87.2565322723006,76.5407892671743,71.0540640025509,69.9651743284144,76.4229486986509
"imtp_16178_mother_A",6,29,41,27,39.689998626709,140.129999160767,431.229997634888,116.169998168945,1839.63999354839,9.94622336975992,24.8074279785156,20.501611328125,18.3796630859375,15.3887573242188,5,0,0,0,8,7,16.7565734863281,23.6715698242188,93.7846729263721,86.7115898280756,81.9304144298984,82.3193014122633,89.1726282616998
"imtp_16178_mother_B",6,30,41,27,39.689998626709,140.129999160767,431.229997634888,116.169998168945,1841.84999358654,9.90529097117996,24.8074279785156,20.501611328125,18.3796630859375,15.3887573242188,5,0,0,0,8,7,16.7572326660156,23.6715148925781,93.7829274613728,86.7192623227142,81.9608004666114,82.3340644836426,89.1785761219587
"imtp_16178_mother_C",6,31,41,27,39.689998626709,140.129999160767,431.229997634888,116.169998168945,1845.95999372005,9.87478944045541,24.8074279785156,20.501611328125,18.3796630859375,15.3887573242188,5,0,0,0,8,7,16.7578918457031,23.6714599609375,93.7741752241569,86.7164876046788,81.9753605021473,82.3553364875234,89.1843040201195
"imtp_16178_mother_D",6,31,41,27,39.689998626709,140.129999160767,431.229997634888,116.169998168945,1845.95999372005,9.87478944045541,24.8074279785156,20.501611328125,18.3796630859375,15.3887573242188,5,0,0,0,8,7,16.7578918457031,23.6714599609375,93.7741752241569,86.7164876046788,81.9753605021473,82.3553364875234,89.1843040201195
"imtp_16181_mother",15,22,51,19,122.650001525879,180.590002298355,663.39999961853,258.280002593994,2039.55999743938,8.97176723045714,37.0214172363281,8.96380004882815,27.5965209960938,5.35164794921877,6,179,91,0,6,23,13.3694091796875,32.8201629638672,88.1862754630084,73.9337194720704,69.1558118369711,70.206522965551,80.5275104561044
"imtp_16181_ratoon",24,21,20,18,185.869995117188,275.459994316101,705.059997558594,302.829998016357,1438.81999766827,8.95060239487653,36.0191284179688,11.6086059570313,27.9148193359375,5.58965454101565,6,137,71,0,8,11,12.7051147460938,32.6013702392578,85.4214950479487,70.3018643676594,65.6758659116684,66.5814145918815,77.5027193561677
"3191",7,38,42,35,166.889999389648,279.279999732971,765.949996948242,296.229999542236,2456.89999485016,11.5679069533598,30.6046081542969,25.7812744140625,24.046044921875,21.0242553710938,5,10,0,0,3,6,21.695849609375,29.3795166015625,91.8671475988235,82.4648010086839,71.3390098070576,72.980135117134,86.5374784817661
"3193",7,45,71,34,113.550003051758,259.670000076294,1098.30999946594,450.389999389648,3613.85000681877,8.44925755635336,28.8782287597656,23.0542846679688,22.2229858398438,18.8299194335938,5,0,0,0,5,8,19.8572631835938,27.48330078125,96.1929370424875,84.3331717502924,75.6765094804175,79.8206800923917,91.1699246379083
"3194",3,201,70,35,38.7299995422363,120.920001029968,770.689998626709,183.979999542236,3423.66998374462,7.33901705920824,28.4448181152344,22.8518310546875,24.0253540039063,19.6051574707031,3,0,0,0,7,14,20.2990203857422,27.1316619873047,89.1711129396541,82.7008732140309,77.1507876517841,77.7059633702408,86.7923256045997
"mgis_20_c1",11,13,4,2,29.6200008392334,55.1800010204315,224.350002288818,88.980001449585,589.270001173019,3.8116092008014,29.8342529296875,25.2111755371094,25.9167419433594,22.1224914550781,3,0,123,0,5,8,22.7097534179688,28.8610565185547,87.4064947592246,81.9679503569732,73.1128994297337,75.5923741933462,78.2571809510927
"mgis_20_c2",15,8,1,2,39.0400009155273,46.4400008916855,147.790001869202,83.1200017929077,378.480002403259,3.71752138835434,29.7844482421875,25.109033203125,26.0542236328125,22.0683227539063,3,0,83,0,6,7,22.6755981445313,29.0643127441407,87.2956175748476,82.8467507121164,73.4575129111917,75.3031988329461,78.1417895662182
"mgis_6_c1",15,12,11,3,149.550003051758,206.110001564026,419.830001831055,257.820003509521,828.070001602173,5.39233533975607,29.5950866699219,24.2035766601563,26.0937438964844,21.8573852539063,3,0,108,0,6,10,22.4804901123047,28.7299255371094,87.3362125089799,82.0770431825484,73.4113678877381,75.6231770241397,78.124636913168
"mgis_6_c2",11,11,5,0,13.2799997329712,37.8900008201599,128.920000076294,35.9799995422363,462.130000114441,4.03937500176835,29.8596435546875,23.6309448242188,25.9258666992188,21.6786743164063,3,0,108,0,3,9,22.2757568359375,29.0882141113281,87.2950877030072,81.208846511544,73.4116083434584,76.1455195534554,78.3882170799641
"Ka_fp_1",11,27,30,4,30,56.9400005340576,356.949999809265,111.60000038147,1623.6700001955,5.09818731211238,31.0713134765625,22.8447509765625,19.66298828125,16.0274291992188,8,9,0,0,11,5,16.6578765869141,28.1886840820313,92.9753851121472,80.177283125539,66.5761971319875,64.0974611620749,71.1053280599656
"Ka_fp_2",11,27,32,4,30,56.9400005340576,382.270000457764,125.430000305176,1738.96000158787,5.10398305560025,31.0713134765625,22.833642578125,19.66298828125,16.0274291992188,8,9,0,0,11,5,16.6520263671875,28.17392578125,93.0833141853318,80.2762467396958,66.6391035487386,64.2888549775843,71.3967352003591
"Ka_fp_3",11,27,33,4,30,56.9400005340576,397.210000038147,126.539999961853,1807.37000203133,5.1023097882432,31.0713134765625,22.833642578125,19.66298828125,16.0274291992188,8,9,0,0,11,5,16.6520324707031,28.1469543457032,93.1548913680221,80.2988385369616,66.7058290275839,64.341777076233,71.512051061041
"Ka_fp_4",11,27,37,4,30,56.9400005340576,415.780000686646,130.160000801086,1919.72000265121,5.1579274681585,31.0713134765625,22.833642578125,19.66298828125,16.0263916015625,8,9,0,0,12,5,16.6497436523438,28.0947387695313,93.2101002580485,80.3265984819469,66.8264381906553,64.3883052132958,71.6133008751709
"Ka_rt1_1",7,14,14,0,19.6299991607666,60.3999996185303,137.91999912262,37.8999996185303,676.920001149178,5.45882813376375,30.2843566894531,22.833642578125,19.7733093261719,16.0263916015625,9,3,0,0,5,5,16.6930480957031,28.9268524169922,93.0561519622803,79.4147230784098,65.0206066555447,61.2335546811422,70.1763471391466
"Ka_rt1_2",7,29,20,2,23.6000003814697,60.3999996185303,181.73999786377,46.8700008392334,890.659997940063,6.1861904621327,30.2843566894531,22.4569641113281,19.7733093261719,16.0263916015625,8,3,0,0,5,5,16.8463592529297,28.896664428711,93.0452096637927,79.8010298477976,66.101678306178,61.797033761677,69.5792896471525
"Ka_rt1_3",7,35,20,2,23.6000003814697,60.3999996185303,166.799998283386,46.8700008392334,864.11999797821,6.38246375376332,30.2843566894531,22.4569641113281,19.7733093261719,16.0263916015625,8,3,0,0,5,6,16.9163665771485,28.9327911376953,92.9153475814991,79.9107829318957,66.1864325919848,61.7467607112413,69.1895340480162
"Ka_rt1_4",7,50,19,2,23.6000003814697,60.3999996185303,163.36999797821,46.8700008392334,867.329997301102,6.53888886913105,30.2843566894531,22.4569641113281,19.7733093261719,16.20888671875,8,3,0,0,5,5,17.0472229003906,28.9476379394531,92.858954677692,80.1762849223407,66.6787155239568,62.2022519525076,69.1110724741324
"Ka_rt2_1",10,50,17,3,23.6000003814697,58.3099996894598,165.609999656677,46.8700008392334,832.259998321533,6.63351561092713,29.4330688476563,22.3818603515625,19.0609680175781,15.9338928222656,7,0,0,0,3,4,16.4721374511719,26.1878845214844,92.9140608620509,81.9392192215569,70.6787986755371,67.8750989019534,72.6898095297948
"Ka_rt2_2",10,22,14,1,21.0300006866455,46.5099997520447,135.549999237061,38.1100006103516,708.899999141693,5.97762294251044,27.5158325195313,22.3818603515625,18.6098571777344,15.9338928222656,7,0,0,0,3,4,16.4625732421875,26.3496276855469,93.2239012206342,81.7573615251961,70.2684358068779,68.2669862219169,73.5513535839016
"Ka_rt2_3",10,16,12,1,21.0300006866455,46.5099997520447,131.39999961853,38.1100006103516,678.579999089241,5.69715446273122,27.5158325195313,22.3818603515625,18.6098571777344,15.9338928222656,7,0,0,0,4,4,16.461328125,26.4264465332031,93.2449238814043,81.4301638102663,69.8407815543328,67.7454516163188,73.4727164842806
"Ka_rt2_4",10,15,9,2,49.2200012207031,72.5900015830994,166.890000343323,70.2500019073486,679.430000185966,5.79834710754269,27.521142578125,22.3818603515625,18.4790893554688,15.9338928222656,8,0,0,0,4,3,16.4510986328125,26.5215209960938,93.2854011578267,81.1372494830766,69.3487097244689,67.566785354188,73.5731793622065
"Mb_fp_1",32,12,17,2,27.0900001525879,49.650000333786,348.49000453949,110.289999961853,1153.2500026226,4.96376519252052,30.1127258300781,21.9459777832031,17.7726684570313,14.6032958984375,10,1,0,0,10,4,15.2257720947266,28.1827087402344,82.62160876713,66.8486732958097,46.4864515680755,48.2905037163863,52.9419735542218
"Mb_fp_2",32,12,17,2,27.0900001525879,49.650000333786,366.060004234314,123.039999961853,1173.78000295162,4.91763780656175,30.1127258300781,21.9459777832031,17.7726684570313,14.6032958984375,10,1,0,0,10,4,15.2290283203125,28.1313598632813,82.6226028455035,66.8392837043623,46.4609308574923,48.3084493102521,52.9199135845178
"Mb_fp_3",32,12,17,2,27.0900001525879,49.650000333786,357.280004501343,110.289999961853,1163.19000267982,4.93211156411831,30.1127258300781,21.9459777832031,17.7726684570313,14.6032958984375,10,1,0,0,10,4,15.2276611328125,28.1502258300781,82.6208701318052,66.852696644759,46.5153106433003,48.2795436378287,52.89055381262
"Mb_fp_4",32,12,17,2,27.0900001525879,49.650000333786,348.49000453949,110.289999961853,1153.2500026226,4.96376519252052,30.1127258300781,21.9459777832031,17.7726684570313,14.6032958984375,10,1,0,0,10,4,15.2255920410156,28.1874816894531,82.6162166959078,66.8491089951434,46.4975687420348,48.3085591069954,52.9608203914384
"Mb_rt1_1",20,20,9,2,21.6700000762939,55.2600011825562,148.320001602173,41.6800003051758,554.080002903938,5.71690002860501,29.4348693847656,21.07216796875,17.3990112304688,13.5104919433594,9,0,0,0,5,3,15.3393310546875,27.5907287597656,86.6287391456398,74.5691609975454,54.0964627652555,55.1049518275905,58.76249995876
"Mb_rt1_2",23,20,9,2,21.6700000762939,55.2600011825562,137.43000125885,41.6800003051758,533.550002574921,5.89978497361224,29.4348693847656,21.07216796875,17.3990112304688,13.5104919433594,9,0,0,0,5,3,15.3273376464844,27.5660827636719,87.1178630056557,75.5904319154704,55.1217841165929,55.8030618304855,59.5204070857697
"Mb_rt1_3",24,20,9,2,21.6700000762939,55.2600011825562,137.43000125885,41.6800003051758,556.670002698898,5.7895959866506,29.4348693847656,21.07216796875,17.3990112304688,13.5104919433594,9,0,0,0,5,4,15.2816467285156,27.5294128417969,86.8655774846423,75.0782850467959,54.342403518421,55.2679802239274,59.2846812669125
"Mb_rt1_4",24,20,9,2,21.6700000762939,55.2600011825562,158.570001602173,59.4700012207031,566.610002756119,5.68116507500193,29.4348693847656,21.07216796875,17.3990112304688,13.5104919433594,9,0,0,0,5,4,15.2601135253906,27.5322509765625,86.3623434358042,74.0908474475879,53.4291949906373,54.1517077103037,58.0899746711618
"Mb_rt2_1",37,13,16,1,23.7900009155273,53.6700000762939,172.780000686646,56.0900011062622,615.540000677109,5.3983193336039,29.2276245117188,22.5779968261719,17.2314392089844,13.483544921875,10,0,0,0,7,4,14.8297790527344,27.3305541992188,85.0184411882855,68.9095642377143,49.4974352465514,52.2519197583697,56.1685933228816
"Mb_rt2_2",37,13,16,1,23.7900009155273,53.6700000762939,172.780000686646,56.0900011062622,610.830000638962,5.49293104013235,28.9231506347656,22.5779968261719,17.2314392089844,13.483544921875,10,0,0,0,9,4,14.8156921386719,27.2705291748047,85.2028546374777,68.9544911094334,49.5888583971106,52.6377068478128,56.6190367159636
"Mb_rt2_3",34,13,16,1,23.7900009155273,53.6700000762939,160.840001106262,56.0900011062622,594.61000084877,5.62154546232725,28.309228515625,22.5779968261719,17.2314392089844,13.483544921875,10,0,0,0,4,4,14.8129089355469,27.078955078125,85.3059026362223,68.7134045140025,49.5313663208884,53.2277181251197,57.1944570952055
"Mb_rt2_4",28,13,16,1,23.7900009155273,53.6700000762939,160.840001106262,56.0900011062622,603.010000824928,5.42060345539759,29.2276245117188,22.5779968261719,17.2314392089844,13.483544921875,10,0,0,0,7,4,14.8427978515625,27.3261657714844,85.1581221187816,68.9010058614463,49.7313234320593,52.9062488693997,56.606516842389
"Mt_fp_1",188,19,34,11,35.7700004577637,101.800001144409,616.98999786377,194.069999694824,1265.82999873161,7.49745663956368,36.5204406738281,23.9340454101563,25.8779846191406,14.3795715332031,10,388,1,0,22,19,16.7674346923828,34.2537017822266,68.6418977190809,54.7911382942665,41.3388329308207,38.7699656690039,44.8232917931022
"Mt_fp_2",188,17,30,9,35.7700004577637,88.1300010681152,566.459997177124,189.269998550415,1121.49999821186,7.29082277312262,36.5204406738281,23.9340454101563,25.8779846191406,14.3795715332031,10,388,1,0,22,19,16.7414245605469,34.2767639160156,68.0912537253892,54.0654320097492,40.4085779742269,37.8039631283899,44.0321321472502
"Mt_fp_3",188,17,33,10,35.7700004577637,101.800001144409,600.719997406006,190.170000076294,1218.63999843597,7.39106507915673,36.5204406738281,23.9340454101563,25.8779846191406,14.3795715332031,10,388,1,0,22,19,16.7470428466797,34.2648162841797,68.4445055624155,54.5350604306735,41.0314430530255,38.4587376550528,44.5586382851234
"Mt_fp_4",188,17,27,7,31.2800006866455,72.4600002169609,493.8899974823,167.309997558594,956.019997358322,6.88027970178925,36.5204406738281,23.9340454101563,25.8779846191406,14.3795715332031,10,387,1,0,22,19,16.71591796875,34.3033935546875,67.5640428173927,53.4196113278789,39.5668017602736,36.8474038616303,43.2394094313345
"Mt_rt1_1",115,20,8,6,36.7700004577637,83.4100005626678,254.609999656677,91.0300006866455,501.629999518394,7.86292306932692,32.95107421875,23.6483093261719,22.6437316894531,13.6582885742188,10,50,0,0,6,12,16.0249877929688,31.2951904296875,74.7241737905857,60.822822064425,49.190833547474,45.0597632880759,50.8992143732257
"Mt_rt1_2",81,20,12,8,36.7700004577637,83.4100005626678,258.410001754761,93.3500003814697,655.420000076294,8.21629629679668,31.5069519042969,23.6483093261719,22.6437316894531,13.6582885742188,9,16,0,0,6,6,15.8562255859375,29.7647338867188,78.7825578570936,65.5266236665717,54.9906801561419,51.4991286519612,56.7648009523821
"Mt_rt1_3",103,20,9,7,36.7700004577637,83.4100005626678,251.480000495911,93.3500003814697,554.809999585152,8.07014285070556,32.3043762207031,23.6483093261719,22.6437316894531,13.6582885742188,9,38,0,0,8,8,15.9427825927735,30.9605377197266,76.1203174937855,62.3763055974787,51.0791566328569,47.1195483251051,52.8053510232405
"Mt_rt1_4",30,20,16,10,36.7700004577637,101.800001144409,247.230001449585,72.5400009155273,827.640001654625,8.75010418282667,31.2247253417969,23.6483093261719,22.6437316894531,14.8059936523438,7,12,0,0,6,10,17.5859191894531,29.7302307128906,82.7644999875861,70.8262769623665,62.0595020466605,60.1898511250814,64.2436162011098
"Mt_rt2_1",43,18,24,4,27.3400001525879,73.6199989318848,180.719997406006,51.9699993133545,630.779997825623,8.32922075265511,35.5750671386719,25.0060363769531,24.4208923339844,18.7470031738281,9,90,0,0,5,3,20.1238525390625,34.2739410400391,72.2001331811664,60.3753126517109,48.3469797441329,47.4502421083121,51.4487272679121
"Mt_rt2_2",77,18,20,4,27.3400001525879,73.6199989318848,195.219997406006,51.9699993133545,562.50999724865,8.42249996143886,35.5750671386719,25.0060363769531,24.4208923339844,17.0111938476563,9,124,0,0,5,17,18.5588684082031,34.213623046875,68.7486043436273,56.4540507708709,43.7575610978954,41.8303809432209,46.1382336205032
"Mt_rt2_3",55,18,12,3,27.3400001525879,73.6199989318848,153.579998016357,51.9699993133545,383.709998130798,8.50043474384786,35.5750671386719,25.1462036132813,24.4208923339844,18.2552124023438,10,100,0,0,4,12,19.8019226074219,34.4106872558594,66.0378307262501,53.6306296395255,40.857083100539,39.3120408358274,43.8023603479345
"Mt_rt2_4",128,11,8,2,27.3400001525879,73.6199989318848,159.469999313354,49.5,228.32999932766,9.0107692076753,35.5750671386719,26.1733947753906,24.4208923339844,13.6582885742188,11,125,0,0,5,13,16.2264221191406,34.2234252929688,62.5929943670041,48.4152158908743,34.0230713193379,30.1972667502348,36.2415966760545
"Ma_fp_1",28,24,22,6,50.1599998474121,89.4899998903275,575.380000114441,255.680004119873,1719.50999879837,5.85118210336533,30.9773498535156,22.569970703125,19.3006225585938,13.4636169433594,10,6,0,0,13,7,15.2151428222656,28.7828552246094,90.6537368564024,74.7283393239767,57.6941043621224,56.3313537758217,64.1396438809023
"Ma_fp_2",28,24,22,6,50.1599998474121,89.4899998903275,575.380000114441,255.680004119873,1747.01999926567,5.8467610025919,30.9773498535156,22.569970703125,19.3006225585938,13.4636169433594,10,6,0,0,13,7,15.2213256835938,28.7955993652344,90.6720975971908,74.7767659413729,57.7207987915698,56.3677468855604,64.1690757092812
"Ma_fp_3",28,24,21,6,50.1599998474121,89.4899998903275,527.070000648499,236.890003204346,1550.92999899387,6.05653136061346,30.9773498535156,22.569970703125,19.3006225585938,13.4636169433594,10,6,0,0,13,7,15.181283569336,28.6750427246094,90.3658488782247,74.1578604888916,57.2614182631175,55.9791727924347,63.6430997276306
"Ma_fp_4",28,24,20,6,50.1599998474121,89.4899998903275,508.279999732971,236.890003204346,1454.34999752045,6.04313724438349,30.9773498535156,22.569970703125,19.3006225585938,13.4636169433594,10,6,0,0,13,7,15.1807800292969,28.7156799316407,90.1612050272976,73.9790776879163,56.9302849695216,55.6283927038183,63.2436581682704
"Ma_rt1_1",35,13,10,1,35.8600006103516,74.0400004386902,171.190001487732,55.5500011444092,539.78000164032,6.28613638139161,29.4301391601563,22.1786743164063,18.296533203125,13.0400329589844,10,0,0,0,2,4,14.8256469726563,27.7105346679688,90.261799131121,74.9708712860778,58.2938019050347,58.1539052816538,65.1918097275954
"Ma_rt1_2",35,13,14,2,35.8600006103516,74.0400004386902,214.690001487732,87.8700008392334,755.999999523163,6.62483050413745,28.914208984375,22.1786743164063,18.296533203125,13.0400329589844,10,0,0,0,2,4,14.7713531494141,27.6257476806641,91.2968936659332,75.1543485690386,59.3816520821335,59.2657379085182,66.0927779857929
"Ma_rt1_3",24,13,9,1,35.8600006103516,74.0400004386902,175.390001296997,73.8900012969971,642.910001516342,5.80534483805492,29.7698913574219,22.1786743164063,18.9426818847656,13.0400329589844,10,0,0,0,12,4,15.4405853271485,28.6721405029297,92.9893768383906,79.0401177222912,61.8318051374876,61.4320327502031,69.4233607512254
"Ma_rt1_4",24,13,11,1,35.8600006103516,74.0400004386902,199.270001411438,74.3400020599365,755.290002584457,5.88850747937086,29.7698913574219,22.1786743164063,18.9426818847656,13.0400329589844,10,0,0,0,13,4,15.4213012695313,28.5150451660156,93.2428662214156,78.9650560141633,62.2283497593434,61.7660273277708,69.8409268948142
"Ma_rt2_1",14,8,16,1,32.3199996948242,49.3599996566772,181.900001525879,70.8299999237061,710.520000100136,5.90101562561176,31.1704650878906,23.2704711914063,19.0782409667969,14.2473388671875,10,14,0,0,11,4,15.2881469726563,29.4643981933594,93.6558259189389,77.7072168208626,61.1109952135378,59.4300560264088,66.1870573618527
"Ma_rt2_2",14,8,12,0,19.4400005340576,36.5500004291534,134.100001335144,38.5100002288818,550.269999861717,5.27702702553356,31.1704650878906,23.8377624511719,19.0782409667969,14.8003479003906,10,14,0,0,11,3,15.8028381347656,29.7380279541016,93.3358288389264,78.3741877392085,61.0795156112825,59.1013298227329,65.8009925225768
"Ma_rt2_4",35,8,12,1,32.3199996948242,49.3599996566772,141.900000572205,47.1300001144409,580.919998884201,6.11212120128024,28.6001220703125,23.2704711914063,17.9845825195313,13.8254028320313,10,0,0,0,2,4,14.8270935058594,27.6778442382813,91.3251123170595,73.9017109432736,59.1478969883274,58.2452433611896,64.8350816881334
"Ma_rt3_4",14,7,5,0,19.4400005340576,30.2799996733665,80.4900007247925,38.5100002288818,169.110000610352,4.85825001480989,31.1704650878906,24.4887023925781,19.0782409667969,14.8003479003906,11,14,0,0,6,3,16.1579406738281,30.1521789550781,92.7583570758116,78.1684816230848,58.2003535298468,54.7670189200096,61.5808116949878
"Ta_fp_1",63,38,72,65,197.110000610352,486.660017967224,2034.39000701904,943.800010681152,4561.27001094818,15.5759060769873,27.0182434082031,15.9924255371094,17.4262634277344,11.35634765625,7,0,0,0,18,9,12.1297637939453,24.7202728271485,87.381999352773,82.6822286287943,71.3540391349792,63.2082596874237,68.4937824249268
"Ta_fp_2",63,38,65,60,197.110000610352,486.660017967224,2004.00000762939,943.800010681152,4280.90001249313,15.8590909544988,27.0182434082031,15.9924255371094,17.4262634277344,11.35634765625,6,0,0,0,18,9,12.1184631347656,24.7740783691406,87.6061315354689,82.9887596209706,71.6813768885991,63.4447231094387,68.5931258573483
"Ta_fp_3",63,38,69,65,197.110000610352,486.660017967224,2034.39000701904,943.800010681152,4491.83001089096,15.766137968569,27.0182434082031,15.9924255371094,17.4262634277344,11.35634765625,6,0,0,0,18,9,12.1264190673828,24.743734741211,87.4553834618749,82.8477537503114,71.5284803106978,63.3313707757641,68.5409982848812
"Ta_fp_4",63,38,66,61,197.110000610352,486.660017967224,2032.26000785828,943.800010681152,4331.41001200676,15.7562857571457,27.0182434082031,15.9924255371094,17.4262634277344,11.35634765625,6,0,0,0,18,9,12.120590209961,24.7634490966797,87.5442157692926,82.9466640760809,71.6232542450895,63.4101369110579,68.5809288549259
"Ta_rt1_1",23,26,46,33,135.690002441406,314.010000228882,710.279998779297,260.240001678467,2233.95999884605,17.0493232998017,27.0322204589844,14.3303161621094,17.4851318359375,11.3572021484375,6,0,0,0,5,8,12.3472839355469,25.6790344238281,88.0831019787078,80.5396931749709,70.6716530333174,63.7853412384682,67.2540291319502
"Ta_rt1_2",14,32,53,39,135.690002441406,314.010000228882,752.98999786377,260.240001678467,2540.87999796867,16.4802563969786,27.0322204589844,14.3303161621094,17.4851318359375,11.8215881347656,6,0,0,0,5,6,12.9048461914063,25.6527954101563,87.0106131971375,79.4148014478447,69.3060598452229,62.7927529673931,66.9840897016289
"Ta_rt1_3",25,26,50,33,135.690002441406,314.010000228882,793.619998931885,260.240001678467,2333.80999815464,16.0416216092763,27.0322204589844,14.3303161621094,17.4851318359375,11.3572021484375,6,0,0,0,5,7,12.0472595214844,25.5397003173828,88.9777614983329,81.2404341593276,71.425146144672,64.0384159784247,67.2497056139647
"Ta_rt1_4",14,27,52,37,135.690002441406,314.010000228882,752.98999786377,260.240001678467,2464.29999780655,16.5255628991379,27.0322204589844,14.3303161621094,17.4851318359375,11.3572021484375,6,0,0,0,5,6,12.7220336914063,25.6381469726563,87.426953659683,79.7579136832816,69.7273146207215,63.0410380128954,67.0462188251683
"Ta_rt2_1",17,30,27,29,168.550003051758,304.940000534058,610.6399974823,280.110000610352,1699.81999564171,14.6378813190544,27.2160583496094,16.7660461425781,17.6265808105469,11.3587585449219,7,0,0,0,9,9,12.158837890625,24.8582824707031,90.2249277569921,77.3581085398718,64.6801341487672,56.785125345143,59.5586867743942
"Ta_rt2_2",19,13,15,16,168.550003051758,304.940000534058,488.849998474121,280.110000610352,1014.5099978447,15.0843477949662,24.8061767578125,15.7712036132813,16.2316528320313,11.3572021484375,7,0,0,0,5,5,11.8828857421875,23.8274108886719,92.5944777649718,81.8154949336857,70.1365298729438,60.4556025220202,62.3843247302167
"Ta_rt2_3",12,29,21,19,168.550003051758,304.940000534058,476.469997406006,280.110000610352,1194.28999650478,15.5221794420758,24.8061767578125,16.7660461425781,16.6877380371094,12.0849853515625,7,0,0,0,2,3,12.6747680664063,24.1945373535156,90.3490271839669,77.5011291503906,64.7635960772755,56.4582931084362,59.4717263012398
"Ta_rt2_4",17,30,26,28,168.550003051758,304.940000534058,610.6399974823,280.110000610352,1612.81999588013,15.4603773196456,25.4306884765625,15.7712036132813,17.3149963378906,11.3572021484375,7,0,0,0,3,6,11.9393707275391,24.3654113769531,91.1032030659337,79.2433501828101,67.0600349057105,58.6713998650992,60.9955020207231
